,namevalue,context_id,time_stamp
0,"('131', '20200428')",1,1
1,"('A3', 'd=AQABBF45qF4CEEgvPTiD59Nt7NBRJgIJ_7MFEgEBAQGKqV6yXgAAAAAA_SMAAA&S=AQAAAtSm43PizpB95CJjZyVf8-M')",1,2
2,"('A3', 'd=AQABBF45qF4CEEgvPTiD59Nt7NBRJgIJ_7MFEgEBAQGKqV6yXgAAAAAA_SMAAAcIXjmoXgIJ_7M&S=AQAAAjIjmhMSKUaUG3XfXfyVNH8')",1,5
3,"('A3', 'd=AQABBF45qF4CEEgvPTiD59Nt7NBRJgIJ_7MFEgEBAQGKqV6yXgAAAAAA_SMAAAcIXjmoXgIJ_7M&S=AQAAAjIjmhMSKUaUG3XfXfyVNH8')",2,6
4,"('AA003', 'AXy9mPzBp96O9WOWuGOGv92dLTg5DUX_Gn8VbJwEcni6NidRHJ7aev6D3LsJrlB8hj4')",2,1
5,"('AC', '1')",1,5
6,"('AC', '1')",2,4
7,"('AMCVS_16AD4362526701720A490D45%40AdobeOrg', '1')",2,1167
8,"('AMCV_16AD4362526701720A490D45%40AdobeOrg', '1585540135%7CMCIDTS%7C18381%7CMCMID%7C15386659630895582973254372110802858454%7CMCAAMLH-1588687971%7C7%7CMCAAMB-1588687971%7CRKhpRz8krg2tLO6pguXWp5olkAcUniQYPHaMWWgdJ3xzPWQmdj0y%7CMCOPTOUT-1588090371s%7CNONE%7CMCAID%7CNONE%7CvVersion%7C4.4.0')",2,44
9,"('AMCV_16AD4362526701720A490D45%40AdobeOrg', '1585540135%7CMCIDTS%7C18381%7CMCMID%7C15386659630895582973254372110802858454%7CMCAAMLH-1588687971%7C7%7CMCAAMB-1588687971%7CRKhpRz8krg2tLO6pguXWp5olkAcUniQYPHaMWWgdJ3xzPWQmdj0y%7CMCOPTOUT-1588090371s%7CNONE%7CvVersion%7C4.4.0')",2,267
10,"('AMCV_16AD4362526701720A490D45%40AdobeOrg', '1585540135%7CMCIDTS%7C18381%7CMCMID%7C15386659630895582973254372110802858454%7CMCAAMLH-1588687971%7C7%7CMCAAMB-1588687971%7CRKhpRz8krg2tLO6pguXWp5olkAcUniQYPHaMWWgdJ3xzPWQmdj0y%7CMCOPTOUT-1588090377s%7CNONE%7CMCAID%7CNONE%7CvVersion%7C4.4.0')",2,858
11,"('AMCV_16AD4362526701720A490D45%40AdobeOrg', '1585540135%7CMCIDTS%7C18381%7CMCMID%7C15386659630895582973254372110802858454%7CMCAAMLH-1588687971%7C7%7CMCAAMB-1588687971%7CRKhpRz8krg2tLO6pguXWp5olkAcUniQYPHaMWWgdJ3xzPWQmdj0y%7CvVersion%7C4.4.0')",2,5
12,"('AMCV_16AD4362526701720A490D45%40AdobeOrg', '1585540135%7CMCIDTS%7C18381%7CMCMID%7C15386659630895582973254372110802858454%7CMCAAMLH-1588687971%7C7%7CvVersion%7C4.4.0')",2,2
13,"('AMCV_16AD4362526701720A490D45%40AdobeOrg', '1585540135%7CMCIDTS%7C18381%7CMCMID%7C15386659630895582973254372110802858454%7CvVersion%7C4.4.0')",2,2
14,"('AMCV_16AD4362526701720A490D45%40AdobeOrg', '1585540135%7CMCIDTS%7C18381%7CvVersion%7C4.4.0')",2,84
15,"('AMCV_16AD4362526701720A490D45%40AdobeOrg', 'nan')",2,1
16,"('APID', 'UP622623e4-895a-11ea-90bf-0a6e783606cf')",2,3
17,"('APIDTS', '1588083187')",2,1
18,"('ASP.NET_SessionId', 'fhqj5szv4qv5zz4jxk0lcc2g')",2,2
19,"('ASP.NET_SessionId', 'ibutu2uxafh3raf55bvrmybi')",2,2
20,"('ATN', '1.1588083312.6829424160849739526.AYJTMO3wA1ivbesBqBw')",2,1
21,"('AWSALB', '6RM1kzHjX3IxhOpli1tf8Ttolb/rM2u1btWYTpEqfGPqbg/61OrYr9k4zX2sshWXLd9zDUcwlB2P+KWNztIAKhbuzi8N5eU+CEKHuhGLGpx1gRGaF0ummcJmHu3J')",2,2
22,"('AWSALB', 'UTSHHh32QKXLUvJ6dx4Yq8kIMKXwk6uy3eyyHXY2PK24AWW0FbYnrbMlJdYrknTv898COa1RBQ3oA2NRNX4EXHjKbtNrjKhJs9Q0ipz67Mcqp/TLu5zB137cReq+')",2,2
23,"('AWSALB', 'ukw7Ke1T53wOPMUmiwZx5ZMD9b2ufDfU410QvsPL4BWNaBOYundcOx1pMskgYTM15Xc0WenWmxqQqIdhjFnXjZtmO2dMfIyQka3jJ05qxri5CbP1cioF1N3A3Vvp')",2,1
24,"('AWSALBCORS', '6RM1kzHjX3IxhOpli1tf8Ttolb/rM2u1btWYTpEqfGPqbg/61OrYr9k4zX2sshWXLd9zDUcwlB2P+KWNztIAKhbuzi8N5eU+CEKHuhGLGpx1gRGaF0ummcJmHu3J')",2,2
25,"('AWSALBCORS', 'UTSHHh32QKXLUvJ6dx4Yq8kIMKXwk6uy3eyyHXY2PK24AWW0FbYnrbMlJdYrknTv898COa1RBQ3oA2NRNX4EXHjKbtNrjKhJs9Q0ipz67Mcqp/TLu5zB137cReq+')",2,2
26,"('AWSALBCORS', 'ukw7Ke1T53wOPMUmiwZx5ZMD9b2ufDfU410QvsPL4BWNaBOYundcOx1pMskgYTM15Xc0WenWmxqQqIdhjFnXjZtmO2dMfIyQka3jJ05qxri5CbP1cioF1N3A3Vvp')",2,1
27,"('AWSELB', '79A3199D10510369DCF60AC124D33FFF155635892213FCE10CD68EF1D878A534CA035F101AF579432AF1307927C77DDC040B56D132B9D4E2F3A0BF9D41CFC7475FA49B6418F007EBF835CD9F7FF28FA3491EBDF4BF')",3,3
28,"('B', 'b7vo909fageau&b=3&s=pu')",1,7
29,"('B', 'b7vo909fageau&b=3&s=pu')",2,6
30,"('CDIUSER', 'di_9592bd7b1b884f9381548')",1,2
31,"('DMADT', 'SYYIIXTLSI2r3Pl2jBlm8Q')",1,4
32,"('DMADT', 'SYYIIXTLSI2r3Pl2jBlm8Q')",2,4
33,"('DPSync2', '1589241600%3A200_201%7C1588636800%3A164%7C1588118400%3A174')",2,15
34,"('DSID', 'NO_DATA')",1,71
35,"('DSID', 'NO_DATA')",2,98
36,"('DSID', 'NO_DATA')",3,30
37,"('DW', '00000000-0000-003a-398c-861588083038')",1,6
38,"('DW', '00000000-0000-003a-398c-861588083038')",2,4
39,"('DW_Time', '1588083038')",1,8
40,"('DW_Time', '1588083038')",2,4
41,"('DotomiTest', '1743060967b211b8')",1,3
42,"('DotomiTest', '2fac0fa240ca1592')",1,4
43,"('DotomiTest', '2fac0fa240ca1592')",2,1
44,"('DotomiTest', '3515c0b2a7b211ab')",2,2
45,"('DotomiTest', '3f45918b00f71595')",1,2
46,"('EE', '""09471d03192b60f9a8a1a95a006689c2""')",2,3
47,"('EE', '\\09471d03192b60f9a8a1a95a006689c2\\')",2,1
48,"('Expires', 'Thu,01Jan197000:00:01GMT')",1,1
49,"('Expires', 'Thu,01Jan197000:00:01GMT')",2,16
50,"('GLOBALID', '2uKlc8-sIBd987FnX4PGZZr7BAoHXyuHc3Q45YzKJEN2PTlpCPG80fuz4R-v5I4sJmr2WktPaJQC4TM1')",1,1
51,"('GPS', '1')",3,211
52,"('GUC', 'AQEBAQFeqYpeskIeXgSK')",1,5
53,"('GUC', 'AQEBAQFeqYpeskIeXgSK')",2,6
54,"('GoogleAdServingTest', 'Good')",1,2
55,"('GoogleAdServingTest', 'Good')",2,2
56,"('GoogleAdServingTest', 'nan')",1,1
57,"('GoogleAdServingTest', 'nan')",2,1
58,"('IDE', 'AHWqTUlOVZKvNy4CkZNqO7cRitxqXgMD91fWHMzrP_KlgTJoBV118EIpwWuHIXw7')",1,79
59,"('IDE', 'AHWqTUlOVZKvNy4CkZNqO7cRitxqXgMD91fWHMzrP_KlgTJoBV118EIpwWuHIXw7')",2,98
60,"('IDE', 'AHWqTUlOVZKvNy4CkZNqO7cRitxqXgMD91fWHMzrP_KlgTJoBV118EIpwWuHIXw7')",3,30
61,"('IDE', 'AHWqTUlUKXUdRh3i65A4cxyizzcg2y7wSMEM1WO4GMA573-Gk7AoewEJduP_m3VX')",1,1
62,"('IDSYNC', '""18y3~1r2e:18bj~1r2e""')",2,2
63,"('IDSYNC', '18y3~1r2e')",2,2
64,"('IMRID', '70b0fa50-895a-11ea-9237-d759dc034df4')",2,3
65,"('INGRESSCOOKIE', '1323cc09e06393f7')",2,5
66,"('IXAI43691', 'FTF')",2,2
67,"('IXAI43935', 'FTF')",1,6
68,"('IXAI43935', 'FTF')",2,4
69,"('IXAI43937', 'FTF')",1,1
70,"('IXAI43937', 'FTF')",2,4
71,"('IXAI44292', 'FTF')",1,5
72,"('IXAI44292', 'FTF')",2,4
73,"('IgniteCookieSync', 'true')",2,1
74,"('JSESSIONID', '1b6733a0208f8f')",2,3
75,"('KADUSERCOOKIE', '1AB15E46-124E-4486-9D2E-CF149023BDE1')",1,1
76,"('KADUSERCOOKIE', '1AB15E46-124E-4486-9D2E-CF149023BDE1')",2,27
77,"('KCCH', 'YES')",2,9
78,"('KCCH', 'nan')",2,2
79,"('KTPCACOOKIE', 'YES')",1,2
80,"('KTPCACOOKIE', 'YES')",2,28
81,"('MR', '0')",1,8
82,"('MR2', '0')",1,8
83,"('MUID', '38411B4050DC6F2706D315FA510C6E27')",1,8
84,"('NID', '203=bHHssFauB8Gn7J19HHvYAtfqgk-pvmGVbRLDCNL385XQIjO1-bGzE_cpYAp4bawqxjC6pYXp2udS6fZ4kOUxm8bq7wve-5WyJNPr-SNTYn1f2Z-75jTdVBxdQRzjMKPpaMjtRKafXCAhGP-IzdmcihVUgiW04OMAPMeMmcJZoAI')",1,89
85,"('NID', '203=bHHssFauB8Gn7J19HHvYAtfqgk-pvmGVbRLDCNL385XQIjO1-bGzE_cpYAp4bawqxjC6pYXp2udS6fZ4kOUxm8bq7wve-5WyJNPr-SNTYn1f2Z-75jTdVBxdQRzjMKPpaMjtRKafXCAhGP-IzdmcihVUgiW04OMAPMeMmcJZoAI')",2,10
86,"('NID', '203=qFA3SyC0fwFwcvqY7MI3nsCFP8YjZRERPiOGOXOwmfRSQVWGFVrmG2sWntFV_qNEkAZbUvkYMbuNeCR_5kHgBeKl6g0_sy_H5VO5cwtnoQDhHEvdEEb24oq1RDK50uk89AHXhh7QoRlgCbJ4r3mG8IGrU6t9dGL31dvOWDWJOVM')",1,1
87,"('NID', '203=wrQi5gqbpIWCBES0bmmyn_WjQLonOi99hLCLqijx1kg47Muax8gaywdgbfsBxOuS8D0u4gNbGK3Pvu06ov85sKKcxu3S98F_4s7UMvh4K8BS7Zd6Vq9BSz5kb_eg_cq8YXCF4_BGhOWwBf1A23KM_U4n8Iits4D42bCDcfXlAM0')",1,2
88,"('OTZ', '5429651_56_56__56_')",1,252
89,"('PMFREQ_ON', 'YES')",2,2
90,"('PUBMDCID', '2')",2,13
91,"('Path', '/')",1,1
92,"('Path', '/')",2,16
93,"('RT', '""z=1&dm=webmd.com&si=03plefna2yzq&ss=k9jzpqts&sl=0&tt=0""')",2,8
94,"('RT', '""z=1&dm=webmd.com&si=03plefna2yzq&ss=k9jzpqts&sl=0&tt=0&rl=1""')",2,1
95,"('RT', '""z=1&dm=webmd.com&si=03plefna2yzq&ss=k9jzpqts&sl=1&tt=avw&rl=1&ld=aw2""')",2,7
96,"('RT', '""z=1&dm=webmd.com&si=03plefna2yzq&ss=k9jzpqts&sl=1&tt=avw&rl=1&ld=aw2&ul=sil&hd=smr""')",2,203
97,"('RT', '""z=1&dm=webmd.com&si=1oxe9p5jnnw&ss=k9jzpqts&sl=1&tt=avw&rl=1""')",2,54
98,"('RT', '""z=1&dm=webmd.com&si=1oxe9p5jnnw&ss=k9jzpqts&sl=2&tt=avw&rl=1&obo=1&ld=1ji1&r=d03c28ebbbbe2b5cadb1c1797f917cef&ul=1ji5&hd=1jm0""')",2,97
99,"('RT', '""z=1&dm=webmd.com&si=goicjrneqoi&ss=k9jzpqts&sl=2&tt=avw&obo=1&rl=1""')",2,63
100,"('RT', '""z=1&dm=webmd.com&si=goicjrneqoi&ss=k9jzpqts&sl=3&tt=avw&obo=2&rl=1&ld=270o&r=10ced98f2897524cc232161395fa5da0&ul=270r&hd=271m""')",2,97
101,"('RT', '""z=1&dm=webmd.com&si=nd8wrwijax&ss=k9jzpqts&sl=4&tt=avw&obo=3&rl=1""')",2,168
102,"('RT', '""z=1&dm=webmd.com&si=xgz5fee5hqh&ss=k9jzpqts&sl=3&tt=avw&obo=2&rl=1""')",2,45
103,"('RT', '""z=1&dm=webmd.com&si=xgz5fee5hqh&ss=k9jzpqts&sl=4&tt=avw&obo=3&rl=1&ld=2wqa&r=39e20a0d304ce78626b4cfb4a999946c&ul=2wqd&hd=2x2k""')",2,120
104,"('SPugT', '1588083185')",2,6
105,"('SPugT', '1588083186')",2,3
106,"('SSCVER', 'v1')",2,3
107,"('SameSite', 'None')",1,4
108,"('SyncRTB2', '1589241600%3A7_166_54_22_21%7C1588636800%3A2')",2,15
109,"('TDCPM', 'CAESFgoHcnViaWNvbhILCL7Tot7-4bU4EAUSGQoKbGl2ZWludGVudBILCOyMs5qJ4rU4EAUSFwoIcHVibWF0aWMSCwjwm6zJieK1OBAFGAEgASgCMgsI7JS4maDitTgQBTgBWgthZGNvbmR1Y3RvcmAC')",2,6
110,"('TDCPM', 'CAESFgoHcnViaWNvbhILCL7Tot7-4bU4EAUSGQoKbGl2ZWludGVudBILCOyMs5qJ4rU4EAUSFwoIcHVibWF0aWMSCwjwm6zJieK1OBAFGAEgASgCMgsI8JOv9p_itTgQBTgBWghwdWJtYXRpY2AC')",2,3
111,"('TDCPM', 'CAESFgoHcnViaWNvbhILCL7Tot7-4bU4EAUSGQoKbGl2ZWludGVudBILCOyMs5qJ4rU4EAUYASABKAIyCwjshLbHn-K1OBAFOAFaCmxpdmVpbnRlbnRgAg..')",2,3
112,"('TDCPM', 'CAESFgoHcnViaWNvbhILCL7Tot7-4bU4EAUYBSABKAIyCwiEksiKleK1OBAFOAE.')",1,2
113,"('TDCPM', 'CAESFgoHcnViaWNvbhILCL7Tot7-4bU4EAUYBSABKAIyCwiEksiKleK1OBAFOAE.')",2,4
114,"('TDCPM', 'CAEYBSgCMgsIhJLIipXitTgQBTgB')",1,2
115,"('TDID', '4b07018c-0dcb-40e4-8314-5ae24eab86d9')",1,2
116,"('TDID', '4b07018c-0dcb-40e4-8314-5ae24eab86d9')",2,16
117,"('TID', '00000000-0000-0022-4896-5d1588083062')",1,3
118,"('TID', '00000000-0000-0022-4897-771588083063')",1,3
119,"('TID', '00000000-0000-003a-398c-861588083038')",1,2
120,"('TID', '00000000-0000-003a-3d76-c31588083153')",1,2
121,"('TID', '00000000-0000-003a-3d76-c31588083153')",2,3
122,"('TID', '00000000-0000-003a-43e8-ce1588083316')",2,2
123,"('TID', '00000000-0000-003a-43e8-d21588083317')",2,2
124,"('TID', '00000000-0000-003a-43eb-411588083317')",2,2
125,"('TID', '00000000-0000-0052-8d78-051588083063')",1,2
126,"('TID', '00000000-0000-0052-9325-781588083317')",2,3
127,"('TID', '00000000-0000-0067-58d8-bc1588083063')",1,3
128,"('TID', '00000000-0000-0067-58df-001588083064')",1,3
129,"('TID', '00000000-0000-0076-4b27-181588083317')",2,2
130,"('TestIfCookieP', 'ok')",2,1
131,"('U', 'c25303c40e95e87ed1c803fd8ae0c07c')",2,7
132,"('UID', '1DA23a36a2aa20a318412601588083033')",1,11
133,"('UID', '1DA23a36a2aa20a318412601588083033')",2,5
134,"('UIDR', '1588083033')",1,11
135,"('UIDR', '1588083033')",2,5
136,"('UT', '""""')",1,1
137,"('UT', '\\\\')",1,2
138,"('UT', '\\\\')",2,4
139,"('V', 'yxhrKb0fJXkQ')",2,9
140,"('VISITOR_INFO1_LIVE', '0j0OfTambr0')",3,2
141,"('VISITOR_INFO1_LIVE', '1Q0UQjwsx4c')",3,2
142,"('VISITOR_INFO1_LIVE', '2GDTKdGDtds')",3,2
143,"('VISITOR_INFO1_LIVE', '7rgtR3AaOps')",3,82
144,"('VISITOR_INFO1_LIVE', '9Vp2bKFKFJk')",3,2
145,"('VISITOR_INFO1_LIVE', 'Bq2uJw8FByU')",3,3
146,"('VISITOR_INFO1_LIVE', 'IBs93_a7Zlk')",3,2
147,"('VISITOR_INFO1_LIVE', 'O2v55IuEySw')",3,2
148,"('VISITOR_INFO1_LIVE', 'VJUJ0PVC5aw')",3,1
149,"('VISITOR_INFO1_LIVE', 'VZu8XKF8aQU')",3,2
150,"('VISITOR_INFO1_LIVE', 'W6L4PrzR1Pg')",3,2
151,"('VISITOR_INFO1_LIVE', 'eYPNbh9PEQk')",3,11
152,"('VISITOR_INFO1_LIVE', 'mmyIDVCCEzI')",3,2
153,"('VISITOR_INFO1_LIVE', 'tcT5xU8h4pA')",3,2
154,"('VISITOR_INFO1_LIVE', 'xscD44JgKWY')",3,2
155,"('VisitorId', '72031782-f516-4064-9c99-d6a054719c3c')",2,1261
156,"('YSC', '4_TjfdvqYTo')",3,2
157,"('YSC', '5ic1Yo0LprY')",3,2
158,"('YSC', 'Y0NmQJtFrd4')",3,82
159,"('YSC', 'ai-BXSpEyaU')",3,2
160,"('YSC', 'b6IfTr_VtXE')",3,11
161,"('YSC', 'c6ja9hl2gnE')",3,2
162,"('YSC', 'ccinj7T4x3s')",3,1
163,"('YSC', 'kjzRPVWe3IA')",3,2
164,"('YSC', 'kzNdUmmNYso')",3,2
165,"('YSC', 'lJuxDiHOSq0')",3,2
166,"('YSC', 'o5xc24mVsmk')",3,2
167,"('YSC', 'p2Qr6ep1DqY')",3,2
168,"('YSC', 'tC3Ql4BNOdM')",3,3
169,"('YSC', 'w_qoMs56QLM')",3,2
170,"('YSC', 'zF-AG6cV8rM')",3,2
171,"('__gads', 'ID=6b35d228cf96074a:T=1588083036:S=ALNI_MaP5DAPrSHF2ATNXqBYWjhPx0d5lg')",1,9
172,"('__gads', 'ID=a5c148fb678eb774:T=1588083038:S=ALNI_MZovZbuQyc2CdmseCIbLZYqumjjCQ')",1,935
173,"('__gads', 'ID=fd18f4e51a3cd519:T=1588083175:S=ALNI_MZZ4MCVBIcDEI7iJ_6YXmh-QutiQg')",2,1021
174,"('__utma', '41573937.991307700.1588083347.1588083347.1588083347.1')",2,34
175,"('__utma', '41573937.991307700.1588083347.1588083347.1588083347.1')",3,102
176,"('__utmb', '41573937.0.10.1588083347')",2,9
177,"('__utmb', '41573937.1.10.1588083347')",2,24
178,"('__utmb', '41573937.2.9.1588083347')",2,1
179,"('__utmb', '41573937.2.9.1588083347')",3,102
180,"('__utmc', '41573937')",2,34
181,"('__utmc', '41573937')",3,102
182,"('__utmt', '1')",2,26
183,"('__utmt', '1')",3,102
184,"('__utmv', 'nan')",2,3
185,"('__utmz', '41573937.1588083347.1.1.utmcsr=(direct)|utmccn=(direct)|utmcmd=(none)')",2,34
186,"('__utmz', '41573937.1588083347.1.1.utmcsr=(direct)|utmccn=(direct)|utmcmd=(none)')",3,102
187,"('_cb', 'eIq-tCyxpgDB3-2rJ')",1,996
188,"('_cb_ls', '1')",1,996
189,"('_cb_svref', 'nan')",1,999
190,"('_cc_aud', '""ABR4nGNgYGCIW2GlxwAHABJwAW8%3D""')",2,1
191,"('_cc_cc', '""ACZ4nGNQSLM0MjRPTDVIM0g1tkgxtEixMEgyS0tJTU42T0tKSzRmAIK4FVZ6DAgAAGslC0M%3D""')",2,2
192,"('_cc_cc', 'ctst')",2,2
193,"('_cc_dc', '0')",2,1
194,"('_cc_id', 'f9217ae0f0e38d18d80b6fdecc7fbfa3')",2,1
195,"('_chartbeat2', '.1588083035240.1588083035240.1.DRW-NJDbNG5ZEuq3EC0XO_LDkEtmw.1')",1,180
196,"('_chartbeat2', '.1588083035240.1588083062565.1.DRW-NJDbNG5ZEuq3EC0XO_LDkEtmw.2')",1,272
197,"('_chartbeat2', '.1588083035240.1588083093979.1.DRW-NJDbNG5ZEuq3EC0XO_LDkEtmw.3')",1,228
198,"('_chartbeat2', '.1588083035240.1588083120290.1.DRW-NJDbNG5ZEuq3EC0XO_LDkEtmw.4')",1,240
199,"('_chartbeat2', '.1588083035240.1588083149877.1.DRW-NJDbNG5ZEuq3EC0XO_LDkEtmw.5')",1,76
200,"('_chartbeat4', 'nan')",1,4
201,"('_chartbeat4', 't=BJwaA8DQLbR9Ho-QeB3c_abDfJ6iu&E=4&x=0&c=0.32&y=4278&w=694')",1,187
202,"('_chartbeat4', 't=CYTkUgBV8NWyBehDuiBXLndZDu85By&E=4&x=0&c=0.36&y=3707&w=694')",1,203
203,"('_chartbeat4', 't=MoVBMDX76vsCBKWbXBpspnaD4ObfW&E=6&x=0&c=0.36&y=2948&w=694')",1,111
204,"('_chartbeat4', 't=MxhCuDOIgTZDj-uVCCHFuI8C-mDXH&E=5&x=0&c=0.31&y=7389&w=694')",1,138
205,"('_fbp', 'fb.0.1588083173344.1609442961')",2,1
206,"('_fbp', 'fb.1.1588083173344.1609442961')",2,1078
207,"('_ga', 'GA1.2.1268950522.1588083280')",2,50
208,"('_ga', 'GA1.2.991307700.1588083347')",3,97
209,"('_ga', 'GA1.3.884918508.1588083034')",1,257
210,"('_ga', 'GA1.3.991307700.1588083347')",3,41
211,"('_gat', '1')",3,69
212,"('_gat_UA-4659861-10', '1')",3,27
213,"('_gat_UA-4659861-11', '1')",3,8
214,"('_gat_UA-58630905-2', '1')",1,834
215,"('_gat_UA-625217-22', '1')",2,39
216,"('_gat_UA-625217-47', '1')",2,21
217,"('_gat_UA1168580691', '1')",1,220
218,"('_gcl_au', '1.1.1893961809.1588083035')",1,1041
219,"('_gid', 'GA1.2.2145931961.1588083372')",3,94
220,"('_gid', 'GA1.2.531664536.1588083280')",2,47
221,"('_gid', 'GA1.3.1251599022.1588083034')",1,254
222,"('_gid', 'GA1.3.2145931961.1588083372')",3,38
223,"('_ibft', 'nan')",2,5
224,"('_ibp', '0:k9jzpvm9:2ee76825-8ff0-416f-8936-ee0dd8ae56f6')",2,1087
225,"('_ibs', '0:k9jzpvmb:e103904b-068c-40c9-8af2-dd45444b8058')",2,1085
226,"('_ibt', 'nan')",2,5
227,"('_kuid_', 'NXxg87pj')",2,1
228,"('_lc2_fpi', '87ca8f4d258a--01e70j49q13b4kt1b2gb91x9ry')",2,1083
229,"('_liChk', '0.28252241911293674')",2,91
230,"('_liChk', '0.42117043808995247')",2,111
231,"('_liChk', '0.6790656842729369')",2,91
232,"('_liChk', '0.6882467100351252')",2,22
233,"('_li_dcdm_c', '.com')",2,1
234,"('_li_dcdm_c', '.webmd.com')",2,1082
235,"('_li_ss', 'MgUIBhC6DDIFCAoQugwyBQh6ELkMMgYIiwEQugwyBQgLELoMMgUICxC6DDIFCHkQuQw')",2,6
236,"('_li_ss', 'MgUIBhC6DDIFCAoQugwyBQh6ELkMMgYIiwEQugwyBQgLELoMMgUICxC6DDIFCHkQuQwyBgiSARC6DA')",2,4
237,"('_li_ss', 'MgUIBhC6DDIFCAoQugwyBQh6ELkMMgYIiwEQugwyBQgLELoMMgUICxC6DDIFCHkQuQwyBgiSARC6DDIGCIEBELkMMgYIkAEQuQwyBQgJELoMMgUIexC5DDIGCIgBELoMMgYIhgEQuQwyBQgNEKwM')",2,10
238,"('_li_ss', 'MgUIBhC6DDIFCAoQugwyBQh6ELkMMgYIiwEQugwyBQgLELoMMgUICxC6DDIFCHkQuQwyBgiSARC6DDIGCIEBELkMMgYIkAEQuQwyBQgJELoMMgUIexC5DDIGCIgBELoMMgYIhgEQuQwyBQgNEKwMMgYIiQEQugw')",2,4
239,"('_rxuuid', '%7B%22rx_uuid%22%3A%22RX-158a8278-6d35-43d4-95e0-2aa1c3f263de-005%22%2C%22zdxidn%22%3A%222069.5%22%2C%22nxtrdr%22%3A%22https%3A%2F%2Fs.amazon-adsystem.com%2Fecm3%3Fid%3D%5BRX_UUID%5D%26ex%3Drhythmone.com%22%7D')",2,2
240,"('_rxuuid', '%7B%22rx_uuid%22%3A%22RX-158a8278-6d35-43d4-95e0-2aa1c3f263de-005%22%7D')",2,2
241,"('_ssum', 'e30')",1,1
242,"('_ssum', 'e30')",2,3
243,"('aam', 'aam%3D999991%2C2792%2C2797%2C32965%2C32927%2C2805%2C32933%2C32938%2C32971%2C32930%2C2811%2C2850%2C32969%2C2802%2C2823%2C2799%2C2819%2C2793%2C2836%2C33004%2C2861%2C2842%2C2841%2C2812%2C2791%2C2783%2C33206%2C2882%2C2800%2C2803%2C2787%2C2788%2C2813%2C2785%2C2795%2C2790%2C33115%2C32957%2C32924%2C32922%2C2784%2C2794%2C33185%2C2789%2C32961%2C504927%2C32931%2C32929%2C131179%2C32920%2C144298%2C132877%2C173%2C423708%2C127932')",2,169
244,"('aam', 'aam%3D999991%2C2792%2C2797%2C32965%2C33018%2C32927%2C2805%2C2796%2C32933%2C32938%2C32971%2C18129770%2C32930%2C2811%2C2850%2C32969%2C2802%2C2823%2C2799%2C2819%2C2793%2C2836%2C33004%2C2861%2C2842%2C2841%2C2812%2C2791%2C2884%2C2783%2C33206%2C2882%2C2786%2C2825%2C2800%2C2870%2C2803%2C2787%2C2788%2C2813%2C2785%2C2795%2C2790%2C33115%2C32957%2C32924%2C32922%2C32949%2C2784%2C2821%2C2876%2C32994%2C2907%2C32967%2C2794%2C33185%2C2789%2C32961%2C504911%2C504927%2C32931%2C32929%2C105535%2C131179%2C32920%2C673447%2C144298%2C132877%2C325023%2C173%2C534452%2C423708%2C127932%2C18378506')",2,204
245,"('aam', 'aam%3D999991%2C2792%2C2797%2C32965%2C33018%2C32927%2C2805%2C2796%2C32933%2C32938%2C32971%2C18129770%2C32930%2C2811%2C2850%2C32969%2C2802%2C2823%2C2799%2C2819%2C2793%2C33194%2C2836%2C33004%2C2861%2C2842%2C2808%2C2841%2C2812%2C2791%2C2884%2C2783%2C33206%2C2882%2C2786%2C2825%2C2800%2C2870%2C2803%2C2787%2C2788%2C2813%2C2839%2C2785%2C2795%2C2790%2C33115%2C32957%2C32924%2C32937%2C32922%2C32949%2C2784%2C2821%2C2876%2C32994%2C2907%2C32967%2C2794%2C33185%2C2789%2C32961%2C504911%2C504927%2C32931%2C32929%2C105535%2C131179%2C32920%2C673447%2C144298%2C132877%2C325023%2C173%2C534452%2C423708%2C127932%2C18378506')",2,126
246,"('aam', 'aam%3D999991%2C2792%2C2797%2C32965%2C33018%2C32927%2C2805%2C2796%2C32933%2C32938%2C32971%2C32930%2C2811%2C2850%2C32969%2C2802%2C2823%2C2799%2C2819%2C2793%2C2836%2C33004%2C2861%2C2842%2C2841%2C2812%2C2791%2C2884%2C2783%2C33206%2C2882%2C2786%2C2800%2C2803%2C2787%2C2788%2C2813%2C2785%2C2795%2C2790%2C33115%2C32957%2C32924%2C32922%2C2784%2C2821%2C32994%2C2907%2C32967%2C2794%2C33185%2C2789%2C32961%2C504911%2C504927%2C32931%2C32929%2C131179%2C32920%2C144298%2C132877%2C325023%2C173%2C534452%2C423708%2C127932%2C18378506')",2,198
247,"('aam', 'aam%3D999991%2C2792%2C2797%2C32965%2C33018%2C32927%2C2805%2C2796%2C32933%2C32938%2C32971%2C32930%2C2811%2C2850%2C32969%2C2802%2C2823%2C2799%2C2819%2C2793%2C2836%2C33004%2C2861%2C2842%2C2841%2C2812%2C2791%2C2884%2C2783%2C33206%2C2882%2C2786%2C2825%2C2800%2C2870%2C2803%2C2787%2C2788%2C2813%2C2785%2C2795%2C2790%2C33115%2C32957%2C32924%2C32922%2C32949%2C2784%2C2821%2C2876%2C32994%2C2907%2C32967%2C2794%2C33185%2C2789%2C32961%2C504911%2C504927%2C32931%2C32929%2C105535%2C131179%2C32920%2C144298%2C132877%2C325023%2C173%2C534452%2C423708%2C127932%2C18378506')",2,159
248,"('aam_uuid', '15185681064475544463269792679163268417')",2,856
249,"('ab', '0001%3A3R0nbXnHViamfsfDVNjy7PRZDmzWgF6o')",2,1
250,"('ad-id', 'A-NQZc62Z08Doo7EcvKyr34')",1,40
251,"('ad-id', 'A-NQZc62Z08Doo7EcvKyr34')",2,19
252,"('ad-id', 'A-NQZc62Z08Doo7EcvKyr34|t')",1,2
253,"('ad-privacy', '0')",1,39
254,"('ad-privacy', '0')",2,19
255,"('ads_sess', '{%22pim%22:{%22c%22:%22pimc_1x%22%2C%22t%22:%22pimt_1588083174774x%22}}')",2,436
256,"('ads_sess', '{%22pim%22:{%22c%22:%22pimc_2x%22%2C%22t%22:%22pimt_1588083218619x%22%2C%22m%22:%22pimmx%22}}')",2,587
257,"('as_02', 'ck_cntr1_1028')",2,587
258,"('as_02_30', 'ck_cntr1_1028')",2,587
259,"('audit', '1|LUUtKeNrcIDR8uGPLdtFkYzcYTbN8QFj3YUtygPqNAxNDXfQ80O/VPpTQxiQvUgN6K49t/e0lhEiZ07GJqnMno4BjqNRGrmz')",1,4
260,"('audit', '1|LUUtKeNrcIDR8uGPLdtFkYzcYTbN8QFj3YUtygPqNAxNDXfQ80O/VPpTQxiQvUgNC/HAJaAyKC4iZ07GJqnMno4BjqNRGrmz')",1,2
261,"('audit', '1|LUUtKeNrcIDR8uGPLdtFkYzcYTbN8QFj3YUtygPqNAxNDXfQ80O/VPpTQxiQvUgNFvICtzIIahsiZ07GJqnMno4BjqNRGrmz')",1,2
262,"('audit', '1|LUUtKeNrcIDR8uGPLdtFkYzcYTbN8QFj3YUtygPqNAxNDXfQ80O/VPpTQxiQvUgNFyszP4mNsu8iZ07GJqnMno4BjqNRGrmz')",1,6
263,"('audit', '1|LUUtKeNrcIDR8uGPLdtFkYzcYTbN8QFj3YUtygPqNAxNDXfQ80O/VPpTQxiQvUgNIy9wDoPvYHkiZ07GJqnMno4BjqNRGrmz')",1,3
264,"('audit', '1|LUUtKeNrcIDR8uGPLdtFkYzcYTbN8QFj3YUtygPqNAxNDXfQ80O/VPpTQxiQvUgNJ8FIBaOrduIiZ07GJqnMno4BjqNRGrmz')",1,3
265,"('audit', '1|LUUtKeNrcIDR8uGPLdtFkYzcYTbN8QFj3YUtygPqNAxNDXfQ80O/VPpTQxiQvUgNPgyUvlLCrFIiZ07GJqnMno4BjqNRGrmz')",1,2
266,"('audit', '1|LUUtKeNrcIDR8uGPLdtFkYzcYTbN8QFj3YUtygPqNAxNDXfQ80O/VPpTQxiQvUgNUGoad21EMQwiZ07GJqnMno4BjqNRGrmz')",1,5
267,"('audit', '1|LUUtKeNrcIDR8uGPLdtFkYzcYTbN8QFj3YUtygPqNAxNDXfQ80O/VPpTQxiQvUgNVmlBNcWQCigiZ07GJqnMno4BjqNRGrmz')",1,18
268,"('audit', '1|LUUtKeNrcIDR8uGPLdtFkYzcYTbN8QFj3YUtygPqNAxNDXfQ80O/VPpTQxiQvUgNYvPTUgOU3YciZ07GJqnMno4BjqNRGrmz')",1,4
269,"('audit', '1|LUUtKeNrcIDR8uGPLdtFkYzcYTbN8QFj3YUtygPqNAxNDXfQ80O/VPpTQxiQvUgNZftiNwXcrvYiZ07GJqnMno4BjqNRGrmz')",1,2
270,"('audit', '1|LUUtKeNrcIDR8uGPLdtFkYzcYTbN8QFj3YUtygPqNAxNDXfQ80O/VPpTQxiQvUgNaD0Re3sm4K8iZ07GJqnMno4BjqNRGrmz')",1,2
271,"('audit', '1|LUUtKeNrcIDR8uGPLdtFkYzcYTbN8QFj3YUtygPqNAxNDXfQ80O/VPpTQxiQvUgNhan4M7hm1hwiZ07GJqnMno4BjqNRGrmz')",1,2
272,"('audit', '1|LUUtKeNrcIDR8uGPLdtFkYzcYTbN8QFj3YUtygPqNAxNDXfQ80O/VPpTQxiQvUgNqydEG+Ov0ZIiZ07GJqnMno4BjqNRGrmz')",1,2
273,"('audit', '1|LUUtKeNrcIDR8uGPLdtFkYzcYTbN8QFj3YUtygPqNAxNDXfQ80O/VPpTQxiQvUgNxXmhXYZ0h54iZ07GJqnMno4BjqNRGrmz')",1,3
274,"('audit', '1|LUUtKeNrcIDR8uGPLdtFkYzcYTbN8QFj3YUtygPqNAxNDXfQ80O/VPpTQxiQvUgNzBpoy93kfbUiZ07GJqnMno4BjqNRGrmz')",1,3
275,"('audit', '1|LUUtKeNrcIDR8uGPLdtFkYzcYTbN8QFj3YUtygPqNAxNDXfQ80O/VPpTQxiQvUgNzhWdWa2zyPIiZ07GJqnMno4BjqNRGrmz')",1,3
276,"('audit', '1|LUUtKeNrcIDR8uGPLdtFkYzcYTbN8QFj3YUtygPqNAz8xATMIUi9dfpTQxiQvUgN1vPCqU1cL78iZ07GJqnMno4BjqNRGrmz')",1,5
277,"('audit', '8ocKrSQT8Co7sY1yC/WIUMgOmGtoG3sfcaXJJulKk6l64Sdm+AAUj7c2QNcJvOnONma9GryykKprEPDInAppctlFT45Wxi+0DZ9r0Xj+GN+DK0BjVyzLF3Y1N870WQpkyPcvDxbnlqjMN78XoQA5eMzboQFS/dfXhaGVQd/gCQ7pj6YvZnvO+UYM7ihgNxnkr0vbDYaHhHL5DxJLVS8XaFBnlPzJ1LN+FyIGObyTf0qDLpJJE/9heg==')",1,1
278,"('b2b_cig_opt', '%7B%22isCorpUser%22:false%7D')",1,1137
279,"('bito', 'AAD78E69UHQAABCh5-nHBA')",2,5
280,"('bitoIsSecure', 'ok')",2,5
281,"('bkdc', 'phx')",1,35
282,"('bkdc', 'phx')",2,2
283,"('bku', '5LD99aG83a85wM/A')",1,67
284,"('bku', '5LD99aG83a85wM/A')",2,6
285,"('browser_data', '-LFQol9md1RRY3NRVWJua2w0WXFxdWxZQU9ZY0sxN1Z5WlZuWlBPOXolMkJKM1NwU3JDVDB0dDQ3ejN3SG5ZZ3p0WUlLTUZLQlc1eGxyRzd6TyUyQkRmMkRZJTJCbkFndyUzRCUzRA')",2,4
286,"('browser_data', '6u6p1l9md1RRY3NRVWJua2w0WXFxdWxZQU9TSlJnZWlyZzZLdUhvalE5ZXRUZzVFMDBSUmRSMUJFaXJqdkU5dVZBNGlkdmRrTkklMkYzVUoyTEZnQyUyQnlzbiUyRmtTQSUzRCUzRA')",1,4
287,"('browser_data', 'BVWV2F9md1RRY3NRVWJua2w0WXFxdWxZQU9jJTJCNW9vWmR2NFNqTUdHeVMzT25OcTNIS2E3QkFBcDElMkJseUVodlJ6a0dLSW9HYm5Sallxdjh1WXZ4R2JidmZjZlElM0QlM0Q')",1,4
288,"('browser_data', 'Dv3Xpl9md1RRY3NRVWJua2w0WXFxdWxZQU9aUHR0Y1k5WEJIbDdDSkZaNVp6Z1BtQkUwb3JtelYlMkJBYVdteWVGT3FMVG50V0xCMiUyRktQNGxjektkeEM5aUhNUHclM0QlM0Q')",2,4
289,"('browser_data', 'L71r9V9md1RRY3NRVWJua2w0WXFxdWxZQU9lcDA5ZFJsJTJCbFZ6bzVCcldCVmxkMUt5RElqNUxyVUl4RWloa0Z5NjFpT20lMkZuZURvZ1ZhWWdaS1hRQ2JVeDh6MEElM0QlM0Q')",1,3
290,"('browser_data', 'ORLtDV9md1RRY3NRVWJua2w0WXFxdWxZQU9VdHpMWXJRaVJsWkNuOTlEZHkxcVJLOVU5YzRmR2Z1QVN0cmxrZ1Y3ZXZDMUp5dllPOHIxd3kycTIzY2glMkJQR1RRJTNEJTNE')",1,4
291,"('browser_data', 'elORyV9md1RRY3NRVWJua2w0WXFxdWxZQU9lNWElMkJlMUVZQ1ZtT1c3SmdaQ1ZXJTJCVm4yWG5lMGVHV2hPcjN4JTJGUFI5NEZqMHVXT3olMkJQJTJCSVYzTmc2Z2pTQlolMkJrZyUzRCUzRA')",2,2
292,"('browser_data', 'rNR6Gl9md1RRY3NRVWJua2w0WXFxdWxZQU9mJTJCR3V4OEtCRE5JYzc3cFRpeEo4Qmd5SHJndmhZZCUyRnRLQmk5MWNhOSUyQkRSaG1sR0pPTXBDa3diUHdhSHlhdFdjUSUzRCUzRA')",1,2
293,"('browser_data', 'rNR6Gl9md1RRY3NRVWJua2w0WXFxdWxZQU9mJTJCR3V4OEtCRE5JYzc3cFRpeEo4Qmd5SHJndmhZZCUyRnRLQmk5MWNhOSUyQkRSaG1sR0pPTXBDa3diUHdhSHlhdFdjUSUzRCUzRA')",2,2
294,"('browser_data', 'rY8re19md1RRY3NRVWJua2w0WXFxdWxZQU9hblpIejB6TEV3TXRqOGllYkVNJTJCZCUyRml5MWxPaWdqcldBck5xU0hwekVlcGZ2UUNBVzRRU2FlbUh2elR5c2pvOHclM0QlM0Q')",2,4
295,"('browser_data', 'yqgCm19md1RRY3NRVWJua2w0WXFxdWxZQU9XRnR0bDRxWlVJOU9UdnhKZlkwU1F0VkhXJTJCbk1NcXFBdzZuNEx0MmpEd1lpekJ4UUtrUXc3WFJ6YUtuYWtzSHZBJTNEJTNE')",2,4
296,"('c', '1588083034')",1,4
297,"('c', '1588083034')",2,3
298,"('c', '1588083035')",1,2
299,"('c', '1588083180')",2,2
300,"('c', '1588083183')",2,2
301,"('cd', 'false')",1,4
302,"('cd', 'nan')",1,1
303,"('checkForPermission', 'ok')",2,3
304,"('chkSecSet', '1')",2,15
305,"('ck_consent', 'true')",2,856
306,"('cntr_track', '1%2C1028')",2,587
307,"('cntr_track_30', '1%2C1028')",2,587
308,"('csync', '127:AAD78E69UHQAABCh5-nHBA')",2,1
309,"('cto_bundle', '2CEHi19md1RRY3NRVWJua2w0WXFxdWxZQU9Wc25CWkpuWUJZMnE0VzBJQTdjSzhpZCUyQkgzeWdaR0RnbHdxWWRRS05zTzRLeDZmZ2ZqYXFCRUpHaklOa05BWGYwYkE2JTJGTTZ3WHRwWmNXSjRvMDlsVyUyQjM0WDMlMkIybXBSZ1FDN1lRem1jWGRGbzRMZEVyQnJHZFNnVXhuWjRhZyUyRnNnJTNEJTNE')",1,221
310,"('cto_bundle', '88i2sl9md1RRY3NRVWJua2w0WXFxdWxZQU9ZJTJGSW85VmlnOFZGaWpGMFVVSmFMSCUyQmowQXdUOWlKNnRHczFzZXd3T0llZ0Rnd2RtVlhOaTdSYUYxSVpzS2ppempJSWZ0SXBxUW5oZnJQZ2V3UmRRTUM4dyUyQkVQb1ltN0FhcmtYekI4OXhtbkZJZGt2bHJmTnZWaE54bjhxYXJSb3clM0QlM0Q')",2,143
311,"('cto_bundle', 'FHxT3F9md1RRY3NRVWJua2w0WXFxdWxZQU9SeSUyQkFzTEFIaEN1N2twdCUyQnNZVUhNanglMkJybDU1Q1l6eWJQNFlrck1wMWtiQlU1anI1aVlSdlBsRE1VVXNqS202OWlXSGJoNHAlMkZaMHJGcTRkQ3NqVFglMkJLa2pvYjFZSWlSdmVuM1lSWnV5Ym9HU1VLd29CJTJCM0czNFZzUDdRdXhROWclM0QlM0Q')",1,286
312,"('cto_bundle', 'Hb9V0F9md1RRY3NRVWJua2w0WXFxdWxZQU9YZ2hNRlduYzJNWUdxNXZ6SkZTcGE5YVFVR1lFQlkwQUxaNzdhS2tJaHRQc204SmJaM0xJV3c2M2gzRXk0SG9BTWVYNUR5eXZJOHhXRVdHYmhzZ3RkemNPJTJGNkhtWUNDRDhYMzlpYWZnV0tjUGlMWlUybTNMVUgxM1FSd1ExRWd2ZyUzRCUzRA')",1,57
313,"('cto_bundle', 'PjuDu19md1RRY3NRVWJua2w0WXFxdWxZQU9mRHVTRzBkWU0yeTA4MnFSSmhHdVREN0VGRWxIJTJGTlR4WjVhaldJVWhCVWtNTUt0ZXElMkJQRUN3akpsOFdvNDROTyUyRlR3cUFRalg0JTJGNGZGQ2RDbXJjbVdvYlFlVWcxNEQlMkJiRDloaFYwUnNEYWl2dHhnJTJGdlQ2RkFqcU1vM3g5cSUyRlpSZyUzRCUzRA')",1,241
314,"('cto_bundle', 'XYwwEV9md1RRY3NRVWJua2w0WXFxdWxZQU9lM3B6a2hkdmNDem9CNUtaV3lsV0ZLY0pobFQ4MCUyRmNJZUZLRVp1Vkt0bG53YWNaVVRuJTJCQzNuZXRUTGJNMlNlS0dBdnc3Z013YlR0MXQzJTJCcVhCVTZJYlVjdUZKWTJsYVJkaVVZdWFKalBuNzU5NWg4QXBYQ21mcWoyOUZMdFFxUWclM0QlM0Q')",2,262
315,"('cto_bundle', '_CqmFl9md1RRY3NRVWJua2w0WXFxdWxZQU9VdFglMkZtVGFCMUZEMVJFR0FUMXNPZU1MTkdIMnAzSVFYRnJCUmlWQXphYjE0bTJTakpRS2thRnBCdG1wenZPR2YybkpMNzQ3T3lzbmIlMkZGT3lLd1ZJTkVkaDFKSTFwNmJOaktmSXV5Mk1yRWpmc0Z6ZjVyMkRjWW9YM3J2VUFNYmJ3JTNEJTNE')",2,82
316,"('cto_bundle', '_DU7EF9md1RRY3NRVWJua2w0WXFxdWxZQU9hamNMalZKM0RwbFFnVlQ4aGhsMVZBYnByZW5naUYwMVdOMldBdHdWQWgxSHZ1bkpvU2RKazh0ODkzJTJGMkdJYVNjT2p5JTJGVCUyRjVEZzNTNXJXOHdsUmZ3VGtzTzF0WVNYRjBzdlVhdVVaSHJwdmxSZkE0WjFTTFNvRTRNVmx4Vnd2R1ElM0QlM0Q')",2,161
317,"('cto_bundle', 'a7_rIF9md1RRY3NRVWJua2w0WXFxdWxZQU9kS2Z3TThzb2YlMkYwb3pBaW5zbmpPMGVES2RtcTlSOVhtd0RCcjhMcWNDUFBCRnNYVyUyQiUyQlZnNFBTNzVMWElrTVZHYlJHZHBpVno0akVrUHppdmFROTdsTFAxZWVoNVEyQTBIOWtHRkJybGs4T2ZFOXEwVXIybkwlMkJuRzRPJTJGWEhHbENBJTNEJTNE')",2,210
318,"('cto_bundle', 'ehViEV9md1RRY3NRVWJua2w0WXFxdWxZQU9XeHIlMkYlMkZkUjRQWTJQR0I1cnJtNWwlMkJrVXhwOCUyQnlTT0ZBeTBVOHFqU0FXMGJYMWI3VkhESzExamJ3JTJGeXRjQmdoaUVtcDNMejFQOXFXcE0wOGZSUEdaYkNiaUF0eGdFc0JTSlhQNlZDRXBKaDk')",1,187
319,"('cto_tld_test', 'nan')",1,15
320,"('cto_tld_test', 'nan')",2,15
321,"('cto_tld_test', 'test')",1,20
322,"('cto_tld_test', 'test')",2,20
323,"('cto_write_test', 'nan')",1,24
324,"('cto_write_test', 'nan')",2,33
325,"('cto_write_test', 'testWrite')",1,40
326,"('cto_write_test', 'testWrite')",2,55
327,"('cu', '1ba39a10-895a-11ea-a021-5b148166b493|1588083069199')",1,1
328,"('d', 'EB8BCQGnIIEA')",1,1
329,"('data-a', '4216705963238673072~~1')",1,103
330,"('data-a', '4216705963238673072~~1')",2,109
331,"('data-bs', '4679e76d-9062-4b75-8547-8ae6d7f4aaa1~~1')",1,101
332,"('data-bs', '4679e76d-9062-4b75-8547-8ae6d7f4aaa1~~1')",2,109
333,"('data-bt', 'a86be414-eaf1-4c9a-aa35-6cce2d06a0c3~~1')",1,79
334,"('data-bt', 'a86be414-eaf1-4c9a-aa35-6cce2d06a0c3~~1')",2,109
335,"('data-co', 'AAAGS4e_fM5r_wMBwAzSAAAAAAA~~1')",1,103
336,"('data-co', 'AAAGS4e_fM5r_wMBwAzSAAAAAAA~~1')",2,109
337,"('data-di', 'di_9592bd7b1b884f9381548~~1')",1,27
338,"('data-di', 'di_9592bd7b1b884f9381548~~1')",2,109
339,"('data-mf', '93fd7434-28ef-40b5-a013-6fe8ee039ac3~~1')",2,62
340,"('data-pb', '1AB15E46-124E-4486-9D2E-CF149023BDE1~~1')",2,61
341,"('data-r', 'K9JZMWOU-1E-KP5N~~1')",1,102
342,"('data-r', 'K9JZMWOU-1E-KP5N~~1')",2,109
343,"('data-rbh', 'oW3Z6M8xneycbA0Z5WVC~~1')",1,26
344,"('data-rbh', 'oW3Z6M8xneycbA0Z5WVC~~1')",2,109
345,"('data-xu', '6ZmmRprj1JtqWW5~~1')",1,52
346,"('data-xu', '6ZmmRprj1JtqWW5~~1')",2,109
347,"('demdex', '15185681064475544463269792679163268417')",2,11
348,"('dextp', '285689-1-1588083173907')",2,3
349,"('did', 'VpeAhDbYX2iNAWlY')",2,2
350,"('didts', '1588083186')",2,2
351,"('domain', '.com')",1,31
352,"('domain', '.com')",2,39
353,"('domain', '.nytimes.com')",1,34
354,"('domain', '.webmd.com')",2,53
355,"('domain', '.www.nytimes.com')",1,13
356,"('domain', '.www.webmd.com')",2,16
357,"('domain', 'ads.pubmatic.com')",2,4
358,"('domain', 'berkeley.edu')",2,16
359,"('domain', 'berkeley.edu')",3,8
360,"('domain', 'engineering.berkeley.edu')",3,7
361,"('domain', 'nytimes.com')",1,15
362,"('domain', 'pay.google.com')",1,12
363,"('domain', 'pubmatic.com')",2,2
364,"('domain', 'tableau.com')",2,6
365,"('domain', 'webmd.com')",2,67
366,"('domain', 'www.berkeley.edu')",2,1
367,"('domain', 'youtube.com')",3,32
368,"('dpm', '15185681064475544463269792679163268417')",2,4
369,"('edu_cig_opt', '%7B%22isEduUser%22:false%7D')",1,1137
370,"('emchk', '1588083212.94371c9f53c4d7caddfba4ba62a14ddf')",2,2
371,"('eud', 'H4sIAAAAAAAAAOOSMXR2dA129Tbxd650NTJLTgw1yAkr8i7PN0s3NAniNTS1sDCwMDY0MjI1Nn7FiMI3AQDNVluvPQAAAA')",1,2
372,"('eud', 'H4sIAAAAAAAAAOOSMXR2dA129Tbxd650NTJLTgw1yAkr8i7PN0s3NAniNTS1sDCwMDY0MrIwMnrFiMI3BgDhjCN_PQAAAA')",1,2
373,"('euds', 'H4sIAAAAAAAAAOOSMXR2dA129Tbxd650NTJLTgw1yAkr8i7PN0s3NAEAufoxxx4AAAA')",1,2
374,"('everest_g_v2', 'g_surferid~Xqg5XAAAAKg2BwFU')",1,10
375,"('everest_g_v2', 'g_surferid~Xqg5XAAAAKg2BwFU')",2,1
376,"('extendtv_user_id', '82ee5ecc-21c4-41d5-99d6-8f7f9ef8fa2e')",1,1
377,"('fr', '0VKKhljkesAUbsROW..BeqDnl...1.0.BeqDnl.')",2,33
378,"('fr', '0VKKhljkesAUbsROW..BeqDnl..F6o.1.0.BeqDnl.')",2,3
379,"('fr', '0VKKhljkesAUbsROW..BeqDnl..F6o.1.0.BeqDnl.')",3,2
380,"('gguuid', '1')",1,2
381,"('google_push', 'AQvitULEwpGHyem3KD_sclC_TdevAkmkIDc5fX-2ctnM3cuySKT08zVqdm6IIk8PUxEDL9hvoMEK4titQ8kOr5jiWXjgwlFT-oo')",1,1
382,"('google_push', 'AQvitULEwpGHyem3KD_sclC_TdevAkmkIDc5fX-2ctnM3cuySKT08zVqdm6IIk8PUxEDL9hvoMEK4titQ8kOr5jiWXjgwlFT-oo')",2,3
383,"('gtinfo', '{""ct"":""columbus"",""c"":""Franklin"",""cc"":""39049"",""st"":""oh"",""sc"":""36"",""z"":""43230"",""lat"":""40.0446"",""lon"":""-82.8564"",""dma"":""535"",""cntr"":""usa"",""cntrc"":""840"",""tz"":null,""ci"":""18.188.43.156""}')",2,1261
384,"('has_js', '1')",3,20
385,"('i', 'f1ce0de6-2d02-0999-3b7a-7bad14436ce4|1588083034')",1,6
386,"('ibkukinet', '314321820=-8586135237084949373')",2,1
387,"('ibkukinet', '314321820=-8586135237137820653')",2,2
388,"('ibkukiuno', 's=a3b7dfad-9a92-4642-af63-bb16be71539d&h=&v=0&l=-8586135237084949373&op=&hl=0&vlu=0&tcs=1&dcc=-8586135237137820653')",2,2
389,"('ibkukiuno', 's=a3b7dfad-9a92-4642-af63-bb16be71539d&h=&v=0&l=-8586135237137820653&op=&hl=0&vlu=0&tcs=1&dcc=-8586135237137820653')",2,2
390,"('iter_id', 'eyJhbGciOiJIUzI1NiIsInR5cCI6IkpXVCJ9.eyJhaWQiOiI1ZWE4Mzk1Y2RjYTQ0YzAwMDE0NzE3MWEiLCJjb21wYW55X2lkIjoiNWMwOThiM2QxNjU0YzEwMDAxMmM2OGY5IiwiaWF0IjoxNTg4MDgzMDM2fQ.PvfdBL4cInmeLYiSKs8Hjn5OdrU1zt6KsbZ0yWztAEo')",1,951
391,"('jsonCookie_sw', '{""C5213"":{""2019403"":{""e"":1,""p"":0,""x"":18561,""at1"":1}}}')",2,24
392,"('jsonCookie_sw', '{""C5213"":{""2019403"":{""e"":1,""p"":1,""x"":18561,""at1"":1},""429A_ISU"":{""e"":1,""p"":0,""x"":18561},""2020004P"":{""e"":1,""p"":0,""x"":18561}}}')",2,12
393,"('jsonCookie_sw', '{""C5213"":{""2019403"":{""e"":1,""p"":1,""x"":18561,""at1"":1},""429A_ISU"":{""e"":1,""p"":0,""x"":18561}}}')",2,6
394,"('jsonCookie_sw', '{""C5213"":{""2019403"":{""e"":1,""p"":1,""x"":18561,""at1"":1}}}')",2,569
395,"('khaos', 'K9JZMWOU-1E-KP5N')",1,45
396,"('ki_r', 'nan')",2,855
397,"('ki_t', '1588083181975%3B1588083181975%3B1588083181975%3B1%3B1')",2,261
398,"('ki_t', '1588083181975%3B1588083181975%3B1588083217026%3B1%3B2')",2,155
399,"('ki_t', '1588083181975%3B1588083181975%3B1588083247551%3B1%3B3')",2,142
400,"('ki_t', '1588083181975%3B1588083181975%3B1588083277209%3B1%3B4')",2,295
401,"('ki_t', '1588083181975%3B1588083181975%3B1588083319746%3B1%3B5')",2,5
402,"('lidid', '49b2b9bd-a495-41a2-bb73-c45963649d88')",2,52
403,"('lrid', 'fc72047cebefeb416d5f02b135a8999472b72329b6f1f0381b788aae6fad6de5525a548f079a9e09|200428|y')",2,1015
404,"('lrt_wrk', 'lrt1_cached_k8_worker_1_37Q_17_gdbp_false_k8_E_false_UC_false_UD_false_hvid_false')",2,418
405,"('lrt_wrk', 'lrt1_cached_k8_worker_1_37Q_17_gdbp_false_k8_E_false_UC_false_UD_false_hvid_true')",2,843
406,"('matchmedianet', '5')",1,1
407,"('max-age', '1800')",2,5
408,"('max-age', '63072000')",2,5
409,"('mbox', 'check#true#1588083231')",2,2
410,"('mbox', 'check#true#1588083231|session#4bdedee7316449db8d78ae7161ebc646#1588085031')",2,139
411,"('mbox', 'check#true#1588083231|session#4bdedee7316449db8d78ae7161ebc646#1588085031|PC#4bdedee7316449db8d78ae7161ebc646.17_0#1589292773')",2,282
412,"('mbox', 'check#true#1588083268|session#4bdedee7316449db8d78ae7161ebc646#1588085031|PC#4bdedee7316449db8d78ae7161ebc646.17_0#1589292773')",2,2
413,"('mbox', 'check#true#1588083268|session#4bdedee7316449db8d78ae7161ebc646#1588085068|PC#4bdedee7316449db8d78ae7161ebc646.17_0#1589292773')",2,1
414,"('mbox', 'check#true#1588083268|session#4bdedee7316449db8d78ae7161ebc646#1588085068|PC#4bdedee7316449db8d78ae7161ebc646.17_0#1589292808')",2,250
415,"('mbox', 'check#true#1588083303|session#4bdedee7316449db8d78ae7161ebc646#1588085068|PC#4bdedee7316449db8d78ae7161ebc646.17_0#1589292808')",2,2
416,"('mbox', 'check#true#1588083303|session#4bdedee7316449db8d78ae7161ebc646#1588085103|PC#4bdedee7316449db8d78ae7161ebc646.17_0#1589292808')",2,1
417,"('mbox', 'check#true#1588083303|session#4bdedee7316449db8d78ae7161ebc646#1588085103|PC#4bdedee7316449db8d78ae7161ebc646.17_0#1589292843')",2,160
418,"('mbox', 'check#true#1588083332|session#4bdedee7316449db8d78ae7161ebc646#1588085103|PC#4bdedee7316449db8d78ae7161ebc646.17_0#1589292843')",2,2
419,"('mbox', 'check#true#1588083332|session#4bdedee7316449db8d78ae7161ebc646#1588085132|PC#4bdedee7316449db8d78ae7161ebc646.17_0#1589292843')",2,1
420,"('mbox', 'check#true#1588083332|session#4bdedee7316449db8d78ae7161ebc646#1588085132|PC#4bdedee7316449db8d78ae7161ebc646.17_0#1589292872')",2,148
421,"('mbox', 'check#true#1588083367|session#4bdedee7316449db8d78ae7161ebc646#1588085132|PC#4bdedee7316449db8d78ae7161ebc646.17_0#1589292872')",2,2
422,"('mbox', 'check#true#1588083367|session#4bdedee7316449db8d78ae7161ebc646#1588085167|PC#4bdedee7316449db8d78ae7161ebc646.17_0#1589292872')",2,1
423,"('mbox', 'check#true#1588083367|session#4bdedee7316449db8d78ae7161ebc646#1588085167|PC#4bdedee7316449db8d78ae7161ebc646.17_0#1589292907')",2,259
424,"('mc', '5ea839b2-a26ce-18ba9-7100f')",1,1
425,"('mnet_session_depth', '1%7C1588083031291')",1,260
426,"('mnet_session_depth', '1%7C1588083170030')",2,422
427,"('mnet_session_depth', '2%7C1588083031291')",1,179
428,"('mnet_session_depth', '2%7C1588083170030')",2,556
429,"('mnet_session_depth', '3%7C1588083031291')",1,292
430,"('mnet_session_depth', '3%7C1588083170030')",2,265
431,"('mnet_session_depth', '4%7C1588083031291')",1,203
432,"('mnet_session_depth', '5%7C1588083031291')",1,242
433,"('mt_mop', '4:1588083122')",1,1
434,"('mt_mop', '4:1588083122')",2,3
435,"('mxpim', 'R1D531_C9728440_8CA49FE2.1.00000000000000000000000000000000000000000000000000000000000000000000000000000000000000005EA8397D')",1,2
436,"('mxpim', 'R1D531_C9728440_8CA49FE2.1.5EA839B2000000000000000000000000000000000000000000000000000000000000000000000000000000005EA8397D')",1,2
437,"('na_id', '2020042814125912557716296359')",2,4
438,"('na_sc_x', '1')",2,1
439,"('na_tc', 'Y')",2,4
440,"('nls2', '{%22a%22:0}')",2,1023
441,"('nmstat', '1588083407228')",2,13
442,"('nmstat', '1588083407228')",3,38
443,"('nmstat', '1588083484512')",3,1
444,"('nnls', 'nan')",2,2
445,"('notice_behavior', 'none')",2,1077
446,"('nyt-a', '4Oe53a4sDRVl1-qj0eXv6L')",1,1177
447,"('nyt-gdpr', '0')",1,1177
448,"('nyt-geo', 'US')",1,1177
449,"('nyt-jkidd', 'uid=0&lastRequest=1588083032878&activeDays=%5B0%2C0%2C0%2C0%2C0%2C0%2C0%2C0%2C0%2C0%2C0%2C0%2C0%2C0%2C0%2C0%2C0%2C0%2C0%2C0%2C0%2C0%2C0%2C0%2C0%2C0%2C0%2C0%2C0%2C1%5D&adv=1&a7dv=1&a14dv=1&a21dv=1&lastKnownType=anon')",1,243
450,"('nyt-jkidd', 'uid=0&lastRequest=1588083060068&activeDays=%5B0%2C0%2C0%2C0%2C0%2C0%2C0%2C0%2C0%2C0%2C0%2C0%2C0%2C0%2C0%2C0%2C0%2C0%2C0%2C0%2C0%2C0%2C0%2C0%2C0%2C0%2C0%2C0%2C0%2C1%5D&adv=1&a7dv=1&a14dv=1&a21dv=1&lastKnownType=anon')",1,209
451,"('nyt-jkidd', 'uid=0&lastRequest=1588083087991&activeDays=%5B0%2C0%2C0%2C0%2C0%2C0%2C0%2C0%2C0%2C0%2C0%2C0%2C0%2C0%2C0%2C0%2C0%2C0%2C0%2C0%2C0%2C0%2C0%2C0%2C0%2C0%2C0%2C0%2C0%2C1%5D&adv=1&a7dv=1&a14dv=1&a21dv=1&lastKnownType=anon')",1,256
452,"('nyt-jkidd', 'uid=0&lastRequest=1588083115248&activeDays=%5B0%2C0%2C0%2C0%2C0%2C0%2C0%2C0%2C0%2C0%2C0%2C0%2C0%2C0%2C0%2C0%2C0%2C0%2C0%2C0%2C0%2C0%2C0%2C0%2C0%2C0%2C0%2C0%2C0%2C1%5D&adv=1&a7dv=1&a14dv=1&a21dv=1&lastKnownType=anon')",1,225
453,"('nyt-jkidd', 'uid=0&lastRequest=1588083143523&activeDays=%5B0%2C0%2C0%2C0%2C0%2C0%2C0%2C0%2C0%2C0%2C0%2C0%2C0%2C0%2C0%2C0%2C0%2C0%2C0%2C0%2C0%2C0%2C0%2C0%2C0%2C0%2C0%2C0%2C0%2C1%5D&adv=1&a7dv=1&a14dv=1&a21dv=1&lastKnownType=anon')",1,204
454,"('nyt-m', '2B57F017ED1B4600858EA909061593E3&uuid=s.aacd1bc0-4f61-4d76-af02-9e27d48241ca&e=i.1588291200&imu=i.1&iru=i.0&iir=i.0&iga=i.0&imv=i.0&igf=i.0&n=i.2&fv=i.0&igd=i.0&ft=i.0&prt=i.0&ica=i.0&iub=i.0&rc=i.0&er=i.1588083032&vp=i.0&ird=i.0&ira=i.0&vr=l.4.0.0.0.0&pr=l.4.0.0.0.0&ier=i.0&ifv=i.0&t=i.1&v=i.0&igu=i.1&iue=i.0&s=s.core&g=i.0&cav=i.0')",1,243
455,"('nyt-m', '3C837F1DB1A9A3C2531399C2B9F606DE&t=i.1&igu=i.1&ica=i.0&iru=i.0&ird=i.0&ira=i.0&s=s.core&vr=l.4.0.0.0.0&vp=i.0&iue=i.0&iga=i.0&fv=i.0&ier=i.0&igf=i.0&v=i.0&ft=i.0&prt=i.0&iub=i.0&imv=i.0&g=i.0&pr=l.4.0.0.0.0&uuid=s.aacd1bc0-4f61-4d76-af02-9e27d48241ca&e=i.1588291200&cav=i.0&imu=i.1&ifv=i.0&igd=i.0&iir=i.0&n=i.2&rc=i.0&er=i.1588083059')",1,209
456,"('nyt-m', '6051B619A83DE4C757FDA2C471CBC4A0&iub=i.0&ird=i.0&v=i.1&ier=i.0&ifv=i.0&iru=i.0&iir=i.0&ft=i.0&cav=i.1&iue=i.0&igd=i.1&iga=i.0&s=s.core&uuid=s.aacd1bc0-4f61-4d76-af02-9e27d48241ca&l=l.1.2505771187&t=i.1&er=i.1588083143&vr=l.4.0.0.0.0&fv=i.0&imu=i.1&prt=i.0&igf=i.0&pr=l.4.0.0.0.0&vp=i.0&ica=i.0&e=i.1588291200&g=i.1&rc=i.0&igu=i.1&imv=i.0&ira=i.0&n=i.2')",1,204
457,"('nyt-m', 'EA940DA3E9BED5A477E534216CE2BA21&v=i.1&er=i.1588083115&ica=i.0&fv=i.0&cav=i.0&imu=i.1&pr=l.4.0.0.0.0&vp=i.0&prt=i.0&uuid=s.aacd1bc0-4f61-4d76-af02-9e27d48241ca&vr=l.4.0.0.0.0&ird=i.0&n=i.2&ier=i.0&ifv=i.0&s=s.core&igf=i.0&ira=i.0&t=i.1&g=i.0&ft=i.0&igu=i.1&iue=i.0&iub=i.0&iga=i.0&imv=i.0&l=l.1.2505771187&rc=i.0&igd=i.0&e=i.1588291200&iru=i.0&iir=i.0')",1,225
458,"('nyt-m', 'EB77BED518026BADFC3B93AC965A32A9&pr=l.4.0.0.0.0&vp=i.0&igd=i.0&iru=i.0&ica=i.0&ier=i.0&igf=i.0&uuid=s.aacd1bc0-4f61-4d76-af02-9e27d48241ca&v=i.1&ft=i.0&iub=i.0&imv=i.1&l=l.1.2505771187&t=i.1&n=i.2&iue=i.0&g=i.0&ira=i.0&e=i.1588291200&vr=l.4.0.0.0.0&fv=i.0&ifv=i.0&iga=i.0&s=s.core&rc=i.0&cav=i.1&imu=i.1&igu=i.1&prt=i.0&er=i.1588083087&ird=i.0&iir=i.0')",1,256
459,"('nyt-purr', 'cfhhcfhhh')",1,1177
460,"('nyt-us', '1')",1,917
461,"('ouid', '5ea839eb0001d24fddd5102192a1190d3e54c693300733783e83')",2,4
462,"('p2', 'gguuid')",1,2
463,"('pb_rtb_ev', '3-1009|2N.0.AAAGRo50mXIdwANAZCNaAAAAAAA|3oy.0|4is.0.CAESEOFbz1Y8rLwJhRmckzxoR0s')",2,4
464,"('pb_rtb_ev', '3-1009|2N.0.AAAGRo50mXIdwANAZCNaAAAAAAA|3oy.0|4is.0.CAESEOFbz1Y8rLwJhRmckzxoR0s|7dN.0.AAD78E69UHQAABCh5-nHBA')",2,3
465,"('pb_rtb_ev', '3-1009|2N.0|3oy.0|4is.0.CAESEOFbz1Y8rLwJhRmckzxoR0s')",2,4
466,"('pb_rtb_ev', '3-1009|4is.0|2N.0|3oy.0')",2,2
467,"('personalization_id', '""v1_Qy2edN3p3Xyn/PRyFq5qkA==""')",1,1
468,"('personalization_id', '\\v1_Qy2edN3p3Xyn/PRyFq5qkA==\\')",1,7
469,"('personalization_id', '\\v1_Qy2edN3p3Xyn/PRyFq5qkA==\\')",2,2
470,"('pi', '156176:3')",2,18
471,"('pid', '7610292359212214012')",2,1
472,"('purr-cache', '<K0<r<C_<G_<S0')",1,1137
473,"('pux', '1185%3D90494%261512%3D90494%262132%3D90494%262231%3D90494%262238%3D90494%262249%3D90494%262307%3D90494%262313%3D90494%262676%3D90494%262861%3D90494%262974%3D90494%263778%3D90494%26goog%3D90494%26idl%3D90494%26brx%3D90494%26w55c%3D90494%26')",1,3
474,"('pux', '1512%3D90494%262231%3D90494%262307%3D90494%262974%3D90494%263778%3D90494%26goog%3D90494%26idl%3D90494%26brx%3D90494%26')",1,13
475,"('pxrc', 'CAA=')",1,1
476,"('pxrc', 'CAA=')",2,3
477,"('pxrc', 'COXzoPUFEgUI6EcQCxIGCO3rARAA')",2,5
478,"('pxrc', 'COXzoPUFEgYI7esBEAA=')",2,3
479,"('pxrc', 'CPDzoPUFEgUI6EcQABIHCL3qARCGARIPCO3rARD1//////////8B')",2,2
480,"('pxrc', 'CPDzoPUFEgUI6EcQABIPCO3rARD1//////////8B')",2,2
481,"('pxrc', 'CPPzoPUFEgQIAhAAEgYI3awrEAA=')",2,2
482,"('rdt_uuid', '1a734a9e-08e5-4cf7-8f73-90fbd2704c5c')",2,1095
483,"('reddaid', 'Z24ID3U3SOB5HWYB')",2,4
484,"('remote_sid', 'nan')",3,32
485,"('repi', 'nan')",2,1
486,"('rlas3', '8HeHfMD1kuGYWUm0Rp1mVF2fwEISwdK8S9R1KczgJ2I=')",2,3
487,"('rlas3', 'AEYECmK4p0epAQUnpGNUnV2fwEISwdK8S9R1KczgJ2I=')",1,1
488,"('rlas3', 'AEYECmK4p0epAQUnpGNUnV2fwEISwdK8S9R1KczgJ2I=')",2,1
489,"('rlas3', 'qVZPMRQtKj6YWUm0Rp1mVF2fwEISwdK8S9R1KczgJ2I=')",2,5
490,"('rlas3', 'wqT8MvApN+V3OoNihYfetF2fwEISwdK8S9R1KczgJ2I=')",2,2
491,"('rud', 'H4sIAAAAAAAAAOMSNjIytzAyNjM1MTczMTQ0NjIyMxPiM9QtSE_0cA92yyzwDSiT4jU0tbAwsDA2NDIyNTYGAApTxOI0AAAA')",1,2
492,"('ruds', 'H4sIAAAAAAAAAOMSNjIytzAyNjM1MTczMTQ0NjIyMxPiM9QtSE_0cA92yyzwDSgDAN2naoElAAAA')",1,2
493,"('s_cc', 'true')",2,861
494,"('s_ecid', 'MCMID%7C15386659630895582973254372110802858454')",2,1129
495,"('s_ppv', 'webmd.com%2F%2C12%2C12%2C694')",2,158
496,"('s_ppv', 'webmd.com%2Fbaby%2F%2C13%2C13%2C694')",2,114
497,"('s_ppv', 'webmd.com%2Fbaby%2F%2C14%2C14%2C694')",2,96
498,"('s_ppv', 'webmd.com%2Fdrugs%2F2%2Findex%2C14%2C14%2C694')",2,144
499,"('s_ppv', 'webmd.com%2Flung%2Fcoronavirus%2C4%2C4%2C694')",2,190
500,"('s_ppv', 'webmd.com%2Fskin-problems-and-treatments%2Fpsoriasis%2Fsevere-psoriasis-19%2Fpsoriasis-treatment-options%2C20%2C20%2C694')",2,102
501,"('s_ppv', 'webmd.com%2Fskin-problems-and-treatments%2Fpsoriasis%2Fsevere-psoriasis-19%2Fpsoriasis-treatment-options%2C25%2C25%2C694')",2,57
502,"('s_tp', '17295')",2,39
503,"('s_tp', '18743')",2,151
504,"('s_tp', '2811')",2,57
505,"('s_tp', '3477')",2,102
506,"('s_tp', '4860')",2,96
507,"('s_tp', '4874')",2,144
508,"('s_tp', '5446')",2,114
509,"('s_tp', '5645')",2,158
510,"('samesite', 'Lax')",2,6
511,"('samesite', 'None')",2,2
512,"('samesite', 'lax')",2,2
513,"('samesite', 'lax')",3,1
514,"('sc', '13%3A81734')",2,1
515,"('session_depth', 'www.webmd.com%3D1%7C540688367%3D1')",2,86
516,"('sessionid', 'h-1b38bff47a8e4d455ade88952b00afb0_t-1588083212')",2,1
517,"('sharedid', '01E70J06EQKATYV9TRD9EX8PJA')",1,1
518,"('si', 'Q6413695222103346528P')",1,2
519,"('siteimproveses', 'cfa01349-7863-434e-8687-71121d785b60')",3,3
520,"('smd', 'H4sIAAAAAAAAAOPiNTS1sDCwMDY0MjI1NgEAbp3G4A8AAAA')",1,2
521,"('ssi', 'a71a8619-1168-467b-803a-eb1d7fcef021#1588083069027')",1,2
522,"('ssi', 'a71a8619-1168-467b-803a-eb1d7fcef021#1588083069027')",2,3
523,"('suid', '6FF8A4ACC73F44E38075C127E59850B0')",1,3
524,"('suid_legacy', '6FF8A4ACC73F44E38075C127E59850B0')",1,3
525,"('t_gid', 'd1342913-dd75-4d61-9762-d56aefbd6471-tuct5a1bf6b')",2,1
526,"('tableau_locale', 'en')",2,19
527,"('tableau_public_negotiated_locale', 'en-us')",2,77
528,"('tads_uid', '02C25D24C65A45C39A318D47173400F8')",2,1
529,"('tads_uid_cd', '20200428101308-0400')",2,1
530,"('tads_uidp_73', 'AAD78E69UHQAABCh5-nHBA')",2,1
531,"('tads_zora', '2')",2,1
532,"('test', 'cookie')",2,30
533,"('test', 'nan')",2,15
534,"('test_cookie', 'CheckForPermission')",1,5
535,"('tluid', '17419905368314102135')",1,2
536,"('ts', '1588083120')",1,2
537,"('turn', '2558098555938012379|200428|y')",2,1015
538,"('tuuid', '4679e76d-9062-4b75-8547-8ae6d7f4aaa1')",1,6
539,"('tuuid', '4679e76d-9062-4b75-8547-8ae6d7f4aaa1')",2,3
540,"('tuuid', '93fd7434-28ef-40b5-a013-6fe8ee039ac3')",2,2
541,"('tuuid', 'd36185c7-2e29-4b91-9399-e96fdd07629d')",2,2
542,"('tuuid', 'ff788b7c-081b-42c8-8995-1a28f6b13aa2')",1,4
543,"('tuuid_lu', '1588083034')",1,2
544,"('tuuid_lu', '1588083035')",1,6
545,"('tuuid_lu', '1588083035')",2,3
546,"('tuuid_lu', '1588083036')",1,2
547,"('tuuid_lu', '1588083180')",2,2
548,"('tuuid_lu', '1588083183')",2,2
549,"('u', 'oW3Z6M8xneycbA0Z5WVC')",1,2
550,"('ud', '""eJxrXxzq6XKLQcHA0sTcMMXA2NDSKMnMIM0y0SLRMNHSNNHAwMzMwjLZaHFZatGCpaXFqSlJh5ZU5JTkNK0uiw91jHdz9PX0iVywAswJcw1asCS%252FKDN9UWjw4qKUNMZFJcWngnc8mAgADBAnGw%253D%253D""')",2,1
551,"('ud', '""eJxrXxzq6XKLQcHA0sTcMMXA2NDSKMnMIM0y0SLRMNHSNNHAwMzMwjLZaHFZatGCpaXFqSlJh5ZU5JTkNK0uiw91jHdz9PX0iVzullmUmpZfsQIsFuYatMjcaEl%252BUWb6otDgxUUpaQyLSopPBe94MBEAZccqXw%253D%253D""')",2,2
552,"('ud', '\\eJxrXxzq6XKLQcHA0sTcMMXA2NDSKMnMIM0y0SLRMNHSNNHAwMzMwjLZaHFZatGCpaXFqSlJh5ZU5JTkNK0uiw91jHdz9PX0iVywAswJcw1asCS%252FKDN9UWjw4qKUNMZFJcWngnc8mAgADBAnGw%253D%253D\\')",2,1
553,"('ui', '{%22vtime%22:26468052%2C%22expmatch%22:1}')",2,368
554,"('ui', '{%22vtime%22:26468052}')",2,2
555,"('ui', '{%22vtime%22:26468053%2C%22expmatch%22:1}')",2,215
556,"('ui', '{%22vtime%22:26468054%2C%22expmatch%22:1}')",2,336
557,"('ui', '{%22vtime%22:26468055%2C%22expmatch%22:1}')",2,180
558,"('uid', '2558098555938012379')",1,1
559,"('uid', '2558098555938012379')",2,6
560,"('uid', '5ea839eb9a327579')",2,4
561,"('uid', '7056994258435701774')",1,2
562,"('uuid', '7f675ea8-395e-4900-ac28-995748e08e07')",1,3
563,"('uuid', '7f675ea8-395e-4900-ac28-995748e08e07')",2,3
564,"('uuid2', '4216705963238673072')",1,4
565,"('uuid2', '4216705963238673072')",2,15
566,"('visitor-id', '2310846292182041000V10')",1,127
567,"('visitor-id', '2310846292182041000V10')",2,109
568,"('walley', 'GA1.2.1168632966.1588083035')",1,1020
569,"('walley_gid', 'GA1.2.2135142154.1588083035')",1,1017
570,"('wfivefivec', '6ZmmRprj1JtqWW5')",1,7
571,"('yieldmo_id', 'g452091d2e664168ba8b%7C1588083187510%7C0%7C')",2,1
572,"('zuid', 'DQzoZFTJLyl_Me7UCPJh')",2,4
