namevalue,context_id,time_stamp,byhost
"('131', '20200501')",1,1,{'match.deepintent'}
"('131', '20200501')",2,1,{'.deepintent'}
"('A3', 'd=AQABBFCWrF4CEOk_HrROnnxMZ2lVKqQaT5AFEgEBAQHnrV62XgAAAAAA_SMAAAcIUJasXqQaT5A&S=AQAAAvjI0jyNMcmjKGD3DMvOzA8')",1,46,"{'ups.analytics', 'pr.ybp', '.yahoo', 'pr-bh.ybp', 'cms.analytics'}"
"('A3', 'd=AQABBFCWrF4CEOk_HrROnnxMZ2lVKqQaT5AFEgEBAQHnrV62XgAAAAAA_SMAAAcIUJasXqQaT5A&S=AQAAAvjI0jyNMcmjKGD3DMvOzA8')",2,34,"{'ups.analytics', 'cookiex.ngd', 'ads.yahoo', '.yahoo', 'pr-bh.ybp'}"
"('A3', 'd=AQABBP6crF4CEJcqq89wRSEwJAdA1lJLliQFEgEBAQHurV62XgAAAAAA_SMAAAcI_pysXlJLliQ&S=AQAAAuz2jwhHw4nKSGxdPMAt_w4')",1,12,"{'ups.analytics', '.yahoo', 'cookiex.ngd', 'cms.analytics'}"
"('A3', 'd=AQABBP6crF4CEJcqq89wRSEwJAdA1lJLliQFEgEBAQHurV62XgAAAAAA_SMAAAcI_pysXlJLliQ&S=AQAAAuz2jwhHw4nKSGxdPMAt_w4')",3,12,"{'.yahoo', 'sp.analytics'}"
"('AA003', 'AXx6phkQm5zlntnaHnXNhOSt6auIK1woAqXNBGjAGZTUZe5gu1b68apuqMK-DPu07ik')",1,5,{'ad.atdmt'}
"('AA003', 'AXx6phkQm5zlntnaHnXNhOSt6auIK1woAqXNBGjAGZTUZe5gu1b68apuqMK-DPu07ik')",2,1,{'.atdmt'}
"('ADGRX_UID', '6ae2f17c-8bf4-11ea-9039-5a65b40255bc')",1,12,"{'.adgrx', 'cm.adgrx'}"
"('ADGRX_UID', '6ae2f17c-8bf4-11ea-9039-5a65b40255bc')",2,1,{'.adgrx'}
"('ANON_ID', 'annr6ioZdUQd82Hp9vcghtYVg6iAZdthasdflU1ZdR7Y2XjyLMpntZajJLVRnVV4kT2YZbsOMw7D4')",1,1,{'a.tribalfusion'}
"('ANON_ID', 'annr6ioZdUQd82Hp9vcghtYVg6iAZdthasdflU1ZdR7Y2XjyLMpntZajJLVRnVV4kT2YZbsOMw7D4')",2,2,{'.tribalfusion'}
"('ANON_ID_old', 'annr6ioZdUQd82Hp9vcghtYVg6iAZdthasdflU1ZdR7Y2XjyLMpntZajJLVRnVV4kT2YZbsOMw7D4')",1,1,{'a.tribalfusion'}
"('ANON_ID_old', 'annr6ioZdUQd82Hp9vcghtYVg6iAZdthasdflU1ZdR7Y2XjyLMpntZajJLVRnVV4kT2YZbsOMw7D4')",2,2,{'.tribalfusion'}
"('APID', 'UPc6f8abae-8bf7-11ea-b3b0-0eef058309dd')",1,9,"{'ups.analytics', '.yahoo', '.advertising', 'pixel.advertising'}"
"('APID', 'UPc6f8abae-8bf7-11ea-b3b0-0eef058309dd')",3,4,{'sp.analytics'}
"('APID', 'UPc9731ebc-8bf3-11ea-8299-028bb717ffad')",1,74,"{'ups.analytics', 'pr.ybp', 'pixel.advertising', '.advertising', 'adserver-us.adtech', 'pr-bh.ybp', 'cms.analytics'}"
"('APID', 'UPc9731ebc-8bf3-11ea-8299-028bb717ffad')",2,28,"{'ups.analytics', 'cookiex.ngd', 'ads.yahoo', 'pixel.advertising', '.advertising', 'adserver-us.adtech', 'adserver.adtech', '.yahoo', 'pr-bh.ybp'}"
"('APIDTS', '1588369005')",1,5,"{'ups.analytics', 'pr-bh.ybp', 'cms.analytics'}"
"('APIDTS', '1588369005')",2,5,"{'ads.yahoo', '.yahoo', 'cookiex.ngd'}"
"('APIDTS', '1588370695')",1,2,{'.yahoo'}
"('APIDTS', '1588370695')",3,4,{'sp.analytics'}
"('ASP.NET_SessionId', 'vqra04uap4p05e3apus1kjpk')",1,1,{'global.ib-ibi'}
"('ASP.NET_SessionId', 'vqra04uap4p05e3apus1kjpk')",2,2,{'global.ib-ibi'}
"('ATN', '1.1588368985.4344126832823465990.AYJMLXAA-O4SFnuW_vg')",1,5,{'ad.atdmt'}
"('ATN', '1.1588368985.4344126832823465990.AYJMLXAA-O4SFnuW_vg')",2,1,{'.atdmt'}
"('B', '295iba9fap77u&b=3&s=10')",1,19,"{'ups.analytics', 'cookiex.ngd', 'ads.yahoo', '.yahoo', 'pr-bh.ybp', 'cms.analytics'}"
"('B', '295iba9fap77u&b=3&s=10')",3,12,"{'.yahoo', 'sp.analytics'}"
"('B', '90joqkhfap5ig&b=3&s=vr')",1,58,"{'ups.analytics', 'pr.ybp', '.yahoo', 'pr-bh.ybp', 'cms.analytics'}"
"('B', '90joqkhfap5ig&b=3&s=vr')",2,51,"{'ups.analytics', 'cookiex.ngd', 'ads.yahoo', '.yahoo', 'pr-bh.ybp'}"
"('CDIUSER', 'di_b4c1a501160144718220d')",1,1,{'match.deepintent'}
"('CDIUSER', 'di_b4c1a501160144718220d')",2,2,"{'.deepintent', 'match.deepintent'}"
"('CMDD', 'AAKLqQQAB35GAQAEAaAC')",1,2,"{'dsum-sec.casalemedia', 'as-sec.casalemedia'}"
"('CMDD', 'AAKLqQQAB35GAQAEAaAC')",2,3,"{'.casalemedia', 'as-sec.casalemedia'}"
"('CMID', 'XqyWYNHM43gAABBJRNgAAAAW')",1,112,"{'ssum-sec.casalemedia', 'dsum-sec.casalemedia', '.casalemedia', 'as-sec.casalemedia', 'dsum.casalemedia'}"
"('CMID', 'XqyWYNHM43gAABBJRNgAAAAW')",2,39,"{'ssum-sec.casalemedia', 'dsum-sec.casalemedia', '.casalemedia', 'as-sec.casalemedia', 'a948.casalemedia'}"
"('CMRUM3', '2d5eac96662760CAESEC5tatNjfJvy7ivU0Mcp4bY&2f5eac97722760IR76SwUR1JuDkK5')",1,1,{'dsum-sec.casalemedia'}
"('CMRUM3', '2d5eac96662760CAESEC5tatNjfJvy7ivU0Mcp4bY&2f5eac97722760IR76SwUR1JuDkK5')",2,11,"{'a948.casalemedia', '.casalemedia', 'as-sec.casalemedia'}"
"('CMST', 'XqyWYF6smGcH')",1,1,{'dsum-sec.casalemedia'}
"('CMST', 'XqyWYF6smGcH')",2,2,{'.casalemedia'}
"('DMADT', 'h5bDZYqcRFy0UX7jRWeP1w')",1,2,{'sc.iasds01'}
"('DMADT', 'h5bDZYqcRFy0UX7jRWeP1w')",2,1,{'.iasds01'}
"('DPSync2', '1588896000%3A164%7C1588377600%3A174%7C1589500800%3A200_201_197_219')",1,72,"{'hbopenbid.pubmatic', 'image2.pubmatic', 'simage2.pubmatic', 'ads.pubmatic', 'image6.pubmatic', 'simage4.pubmatic'}"
"('DPSync2', '1588896000%3A164%7C1588377600%3A174%7C1589500800%3A200_201_197_219')",2,16,"{'image2.pubmatic', 'image4.pubmatic', 'simage2.pubmatic', 'ads.pubmatic', '.pubmatic'}"
"('DotomiUser', '719005448783790810$3$7535207$$1')",1,4,"{'aol-match.dotomi', 'triplelift-match.dotomi', 'casale-match.dotomi', 'bluekai-sync.dotomi'}"
"('DotomiUser', '719005448783790810$3$7535207$$1')",2,7,"{'.dotomi', 'cookie.sync', 'web.hb', 'direct.ad', 'amazon-tam-match.dotomi'}"
"('EE', '""4f7db909f6839f0d8e02bc46baf40842""')",1,6,{'.exelator'}
"('EE', '""4f7db909f6839f0d8e02bc46baf40842""')",2,5,{'.exelator'}
"('EE', '\\4f7db909f6839f0d8e02bc46baf40842\\')",1,10,"{'load77.exelator', 'cdn.exelator', 'mydmp.exelator', 'loadus.exelator'}"
"('EE', '\\4f7db909f6839f0d8e02bc46baf40842\\')",2,2,"{'loadm.exelator', 'loadus.exelator'}"
"('GLOBALID', '2uKlc8-sIBd984cSkD72DtzNhbXch0xQrDqATsWhaKLIzV6KrA5CwNbQj4NE6QusMlK5OsrNsrMC4Q2')",1,9,{'bttrack.com'}
"('GLOBALID', '2uKlc8-sIBd984cSkD72DtzNhbXch0xQrDqATsWhaKLIzV6KrA5CwNbQj4NE6QusMlK5OsrNsrMC4Q2')",2,4,{'bttrack.com'}
"('GUC', 'AQEBAQFere5etkIbPgQg')",1,15,"{'ups.analytics', 'cookiex.ngd', 'ads.yahoo', '.yahoo', 'pr-bh.ybp', 'cms.analytics'}"
"('GUC', 'AQEBAQFere5etkIbPgQg')",3,12,"{'.yahoo', 'sp.analytics'}"
"('GUC', 'AQEBAQFeredetkIgIATD')",1,46,"{'ups.analytics', 'pr.ybp', '.yahoo', 'pr-bh.ybp', 'cms.analytics'}"
"('GUC', 'AQEBAQFeredetkIgIATD')",2,33,"{'ups.analytics', 'cookiex.ngd', 'ads.yahoo', '.yahoo', 'pr-bh.ybp'}"
"('HAPLB8A', 's86168|XqyWu')",1,1,{'apex.go'}
"('HAPLB8A', 's86168|XqyWu')",2,3,"{'sync.go', '.go'}"
"('HAPLB8S', 's8621|XqyXc')",1,5,"{'sync.go', 'apex.go'}"
"('HAPLB8S', 's8621|XqyXc')",2,2,{'.go'}
"('IDE', 'AHWqTUkuwocq_GOy8EUG2TVRn4BBRN0f3lONr52CxJvDY3Dm9s0woC8SPOLEqW1-')",1,34,"{'securepubads.g', 'googleads4.g', 'cm.g', 'ad.doubleclick', '.doubleclick', 'stats.g'}"
"('IDE', 'AHWqTUkuwocq_GOy8EUG2TVRn4BBRN0f3lONr52CxJvDY3Dm9s0woC8SPOLEqW1-')",3,36,"{'googleads.g', 'cm.g', 'static.doubleclick', 'bid.g', 'stats.g'}"
"('IDE', 'AHWqTUnbWoAm6hyzgT0l9ZCn0UHm7ZBxk6XjjWuWfoNy2GduHC4Gan-ljj-eOeBP')",1,258,"{'securepubads.g', 'googleads.g', 'googleads4.g', 'cm.g', '5290727.fls', 'ad.doubleclick', 'stats.g'}"
"('IDE', 'AHWqTUnbWoAm6hyzgT0l9ZCn0UHm7ZBxk6XjjWuWfoNy2GduHC4Gan-ljj-eOeBP')",2,269,"{'securepubads.g', 'googleads4.g', 'googleads.g', 'cm.g', 'ad.doubleclick', '.doubleclick', 'bid.g', 'stats.g'}"
"('INGRESSCOOKIE', '4c67ab395e0ecf9b')",1,3,{'bh.contextweb'}
"('INGRESSCOOKIE', '4c67ab395e0ecf9b')",2,11,{'bh.contextweb'}
"('JSESSIONID', '3ab865052f7ac69d')",1,5,{'bam.nr-data'}
"('JSESSIONID', '3ab865052f7ac69d')",2,16,"{'.nr-data', 'bam.nr-data'}"
"('KADUSERCOOKIE', 'D72FE388-0A4D-4D14-842C-451A05DAFA46')",1,78,"{'hbopenbid.pubmatic', 'image2.pubmatic', 'simage2.pubmatic', 'ads.pubmatic', '.pubmatic', 'image6.pubmatic', 'simage4.pubmatic'}"
"('KADUSERCOOKIE', 'D72FE388-0A4D-4D14-842C-451A05DAFA46')",2,41,"{'image2.pubmatic', 'image4.pubmatic', 'simage2.pubmatic', 'ads.pubmatic', '.pubmatic', 'image6.pubmatic', 'simage4.pubmatic'}"
"('KRTBCOOKIE_148', '19421-uid:B4832DB3D91942E6B034837CC4CE11A3')",1,72,"{'hbopenbid.pubmatic', 'image2.pubmatic', 'simage2.pubmatic', 'ads.pubmatic', 'image6.pubmatic', 'simage4.pubmatic'}"
"('KRTBCOOKIE_148', '19421-uid:B4832DB3D91942E6B034837CC4CE11A3')",2,8,"{'image2.pubmatic', '.pubmatic', 'simage2.pubmatic'}"
"('KRTBCOOKIE_153', '19420-xW9-i8k8KYvdPi3QwWgy3sMzLdndPCeKlT7W93Jn&KRTB&22979-xW9-i8k8KYvdPi3QwWgy3sMzLdndPCeKlT7W93Jn')",1,72,"{'hbopenbid.pubmatic', 'image2.pubmatic', 'simage2.pubmatic', 'ads.pubmatic', 'image6.pubmatic', 'simage4.pubmatic'}"
"('KRTBCOOKIE_153', '19420-xW9-i8k8KYvdPi3QwWgy3sMzLdndPCeKlT7W93Jn&KRTB&22979-xW9-i8k8KYvdPi3QwWgy3sMzLdndPCeKlT7W93Jn')",2,6,"{'image2.pubmatic', '.pubmatic', 'simage2.pubmatic'}"
"('KRTBCOOKIE_218', '22922-XqyWTwAAAD2xAA9x&KRTB&22978-XqyWTwAAAD2xAA9x&KRTB&23194-XqyWTwAAAD2xAA9x&KRTB&23209-XqyWTwAAAD2xAA9x')",1,74,"{'hbopenbid.pubmatic', 'image2.pubmatic', 'simage2.pubmatic', 'ads.pubmatic', '.pubmatic', 'image6.pubmatic', 'simage4.pubmatic'}"
"('KRTBCOOKIE_218', '22922-XqyWTwAAAD2xAA9x&KRTB&22978-XqyWTwAAAD2xAA9x&KRTB&23194-XqyWTwAAAD2xAA9x&KRTB&23209-XqyWTwAAAD2xAA9x')",2,28,"{'image2.pubmatic', 'image4.pubmatic', 'simage2.pubmatic', 'ads.pubmatic', '.pubmatic', 'image6.pubmatic', 'simage4.pubmatic'}"
"('KRTBCOOKIE_22', '14911-7675122843652995469&KRTB&23150-7675122843652995469')",1,72,"{'hbopenbid.pubmatic', 'image2.pubmatic', 'simage2.pubmatic', 'ads.pubmatic', 'image6.pubmatic', 'simage4.pubmatic'}"
"('KRTBCOOKIE_22', '14911-7675122843652995469&KRTB&23150-7675122843652995469')",2,32,"{'image2.pubmatic', 'image4.pubmatic', 'simage2.pubmatic', 'ads.pubmatic', '.pubmatic', 'image6.pubmatic', 'simage4.pubmatic'}"
"('KRTBCOOKIE_27', '16735-uid:315d5eac-964f-4800-89ed-6edbc03dead4&KRTB&16736-uid:315d5eac-964f-4800-89ed-6edbc03dead4')",1,72,"{'hbopenbid.pubmatic', 'image2.pubmatic', 'simage2.pubmatic', 'ads.pubmatic', 'image6.pubmatic', 'simage4.pubmatic'}"
"('KRTBCOOKIE_27', '16735-uid:315d5eac-964f-4800-89ed-6edbc03dead4&KRTB&16736-uid:315d5eac-964f-4800-89ed-6edbc03dead4')",2,28,"{'image2.pubmatic', 'image4.pubmatic', 'simage2.pubmatic', 'ads.pubmatic', '.pubmatic', 'image6.pubmatic', 'simage4.pubmatic'}"
"('KRTBCOOKIE_279', '22890-da22aa11-8bf3-11ea-9ed4-5b71359fa157')",1,72,"{'hbopenbid.pubmatic', 'image2.pubmatic', 'simage2.pubmatic', 'ads.pubmatic', 'image6.pubmatic', 'simage4.pubmatic'}"
"('KRTBCOOKIE_279', '22890-da22aa11-8bf3-11ea-9ed4-5b71359fa157')",2,6,"{'image2.pubmatic', '.pubmatic', 'simage2.pubmatic'}"
"('KRTBCOOKIE_32', '11175-AAAGWKzh9jUlPANGD7s8AAAAAAA&KRTB&22714-AAAGWKzh9jUlPANGD7s8AAAAAAA&KRTB&22715-AAAGWKzh9jUlPANGD7s8AAAAAAA')",1,72,"{'hbopenbid.pubmatic', 'image2.pubmatic', 'simage2.pubmatic', 'ads.pubmatic', 'image6.pubmatic', 'simage4.pubmatic'}"
"('KRTBCOOKIE_32', '11175-AAAGWKzh9jUlPANGD7s8AAAAAAA&KRTB&22714-AAAGWKzh9jUlPANGD7s8AAAAAAA&KRTB&22715-AAAGWKzh9jUlPANGD7s8AAAAAAA')",2,4,"{'image2.pubmatic', '.pubmatic', 'simage2.pubmatic'}"
"('KRTBCOOKIE_330', '22938-7f8c138fc549de77de34d40a57c2e449&KRTB&22939-7f8c138fc549de77de34d40a57c2e449')",1,74,"{'hbopenbid.pubmatic', 'image2.pubmatic', 'simage2.pubmatic', 'ads.pubmatic', '.pubmatic', 'image6.pubmatic', 'simage4.pubmatic'}"
"('KRTBCOOKIE_330', '22938-7f8c138fc549de77de34d40a57c2e449&KRTB&22939-7f8c138fc549de77de34d40a57c2e449')",2,28,"{'image2.pubmatic', 'image4.pubmatic', 'simage2.pubmatic', 'ads.pubmatic', '.pubmatic', 'image6.pubmatic', 'simage4.pubmatic'}"
"('KRTBCOOKIE_377', '22918-4a08e5f6-4ac8-4633-823a-043c8389ba41&KRTB&23031-4a08e5f6-4ac8-4633-823a-043c8389ba41')",1,72,"{'hbopenbid.pubmatic', 'image2.pubmatic', 'simage2.pubmatic', 'ads.pubmatic', 'image6.pubmatic', 'simage4.pubmatic'}"
"('KRTBCOOKIE_377', '22918-4a08e5f6-4ac8-4633-823a-043c8389ba41&KRTB&23031-4a08e5f6-4ac8-4633-823a-043c8389ba41')",2,32,"{'image2.pubmatic', 'image4.pubmatic', 'simage2.pubmatic', 'ads.pubmatic', '.pubmatic', 'image6.pubmatic', 'simage4.pubmatic'}"
"('KRTBCOOKIE_466', '16530-d7ba95e4-9bbd-43e0-bcd7-58603b2a0090&KRTB&16532-d7ba95e4-9bbd-43e0-bcd7-58603b2a0090')",1,72,"{'hbopenbid.pubmatic', 'image2.pubmatic', 'simage2.pubmatic', 'ads.pubmatic', 'image6.pubmatic', 'simage4.pubmatic'}"
"('KRTBCOOKIE_466', '16530-d7ba95e4-9bbd-43e0-bcd7-58603b2a0090&KRTB&16532-d7ba95e4-9bbd-43e0-bcd7-58603b2a0090')",2,2,"{'image2.pubmatic', '.pubmatic'}"
"('KRTBCOOKIE_52', '22772-R1D530_C99E2593_2DE87AB9D&KRTB&23092-R1D530_C99E2593_2DE87AB9D')",1,72,"{'hbopenbid.pubmatic', 'image2.pubmatic', 'simage2.pubmatic', 'ads.pubmatic', 'image6.pubmatic', 'simage4.pubmatic'}"
"('KRTBCOOKIE_52', '22772-R1D530_C99E2593_2DE87AB9D&KRTB&23092-R1D530_C99E2593_2DE87AB9D')",2,6,"{'image2.pubmatic', '.pubmatic', 'simage2.pubmatic'}"
"('KRTBCOOKIE_57', '22767-1298045627963393635&KRTB&22776-1298045627963393635')",1,72,"{'hbopenbid.pubmatic', 'image2.pubmatic', 'simage2.pubmatic', 'ads.pubmatic', 'image6.pubmatic', 'simage4.pubmatic'}"
"('KRTBCOOKIE_57', '22767-1298045627963393635&KRTB&22776-1298045627963393635')",2,6,"{'image2.pubmatic', '.pubmatic', 'simage2.pubmatic'}"
"('KRTBCOOKIE_594', '17105-RX-5780459a-36b1-4651-a0c6-d64fce43f46a-005&KRTB&17107-RX-5780459a-36b1-4651-a0c6-d64fce43f46a-005')",1,72,"{'hbopenbid.pubmatic', 'image2.pubmatic', 'simage2.pubmatic', 'ads.pubmatic', 'image6.pubmatic', 'simage4.pubmatic'}"
"('KRTBCOOKIE_594', '17105-RX-5780459a-36b1-4651-a0c6-d64fce43f46a-005&KRTB&17107-RX-5780459a-36b1-4651-a0c6-d64fce43f46a-005')",2,2,"{'image2.pubmatic', '.pubmatic'}"
"('KRTBCOOKIE_699', '22727-AAEr0U69WS0AAA-7wkcStg&KRTB&22744-AAEr0U69WS0AAA-7wkcStg')",1,72,"{'hbopenbid.pubmatic', 'image2.pubmatic', 'simage2.pubmatic', 'ads.pubmatic', 'image6.pubmatic', 'simage4.pubmatic'}"
"('KRTBCOOKIE_699', '22727-AAEr0U69WS0AAA-7wkcStg&KRTB&22744-AAEr0U69WS0AAA-7wkcStg')",2,26,"{'image2.pubmatic', 'image4.pubmatic', 'simage2.pubmatic', 'ads.pubmatic', '.pubmatic', 'image6.pubmatic', 'simage4.pubmatic'}"
"('KRTBCOOKIE_80', '16514-CAESEHOrByIC_K8N6dUUjIqOMK0&KRTB&22987-CAESEHOrByIC_K8N6dUUjIqOMK0&KRTB&22995-CAESEHOrByIC_K8N6dUUjIqOMK0&KRTB&23025-CAESEHOrByIC_K8N6dUUjIqOMK0')",1,72,"{'hbopenbid.pubmatic', 'image2.pubmatic', 'simage2.pubmatic', 'ads.pubmatic', 'image6.pubmatic', 'simage4.pubmatic'}"
"('KRTBCOOKIE_80', '16514-CAESEHOrByIC_K8N6dUUjIqOMK0&KRTB&22987-CAESEHOrByIC_K8N6dUUjIqOMK0&KRTB&22995-CAESEHOrByIC_K8N6dUUjIqOMK0&KRTB&23025-CAESEHOrByIC_K8N6dUUjIqOMK0')",2,34,"{'image2.pubmatic', 'image4.pubmatic', 'simage2.pubmatic', 'ads.pubmatic', '.pubmatic', 'image6.pubmatic', 'simage4.pubmatic'}"
"('KRTBCOOKIE_964', '20918-cuid_da26c872-8bf3-11ea-a551-1202f1c33782')",1,72,"{'hbopenbid.pubmatic', 'image2.pubmatic', 'simage2.pubmatic', 'ads.pubmatic', 'image6.pubmatic', 'simage4.pubmatic'}"
"('KRTBCOOKIE_964', '20918-cuid_da26c872-8bf3-11ea-a551-1202f1c33782')",2,4,"{'image2.pubmatic', '.pubmatic', 'simage2.pubmatic'}"
"('MUID', '1AE364EF9A1564980A4C6A529BC565CF')",1,20,"{'bat.bing', '.bing', 'c.bing'}"
"('MUID', '1AE364EF9A1564980A4C6A529BC565CF')",2,15,"{'bat.bing', '.bing'}"
"('PugT', '1588369263')",1,1,{'image2.pubmatic'}
"('PugT', '1588369263')",2,2,{'.pubmatic'}
"('SPugT', '1588369004')",1,29,"{'hbopenbid.pubmatic', 'image2.pubmatic', 'simage2.pubmatic', 'ads.pubmatic', 'image6.pubmatic', 'simage4.pubmatic'}"
"('SPugT', '1588369004')",2,7,"{'image2.pubmatic', '.pubmatic', 'simage2.pubmatic'}"
"('SyncRTB2', '1588550400%3A160%7C1589500800%3A54_104_7_166_13_48_21_3_22_8_178_71_99%7C1588896000%3A15_2%7C1589155200%3A63%7C1589587200%3A35')",1,13,"{'ads.pubmatic', 'image2.pubmatic', 'hbopenbid.pubmatic', 'image6.pubmatic'}"
"('SyncRTB2', '1588550400%3A160%7C1589500800%3A54_104_7_166_13_48_21_3_22_8_178_71_99%7C1588896000%3A15_2%7C1589155200%3A63%7C1589587200%3A35')",2,16,"{'image2.pubmatic', 'image4.pubmatic', 'simage2.pubmatic', 'ads.pubmatic', '.pubmatic'}"
"('TDCPM', 'CAESFwoIcHVibWF0aWMSCwiegKrXtoi3OBAFEhkKCmxpdmVpbnRlbnQSCwjM-fHbtoi3OBAFEhYKB3J1Ymljb24SCwic6Mzjtoi3OBAFEhgKCWJpZHN3aXRjaBILCILcyO64iLc4EAUYASABKAIyCwjW2qOez4i3OBAFOAFaB253dXNsdW1gAg..')",1,4,"{'.adsrvr', 'match.adsrvr'}"
"('TDCPM', 'CAESFwoIcHVibWF0aWMSCwiegKrXtoi3OBAFEhkKCmxpdmVpbnRlbnQSCwjM-fHbtoi3OBAFEhYKB3J1Ymljb24SCwic6Mzjtoi3OBAFEhgKCWJpZHN3aXRjaBILCILcyO64iLc4EAUYASABKAIyCwjW2qOez4i3OBAFOAFaB253dXNsdW1gAg..')",2,10,"{'.adsrvr', 'match.adsrvr'}"
"('TDID', '4a08e5f6-4ac8-4633-823a-043c8389ba41')",1,32,"{'.adsrvr', 'match.adsrvr'}"
"('TDID', '4a08e5f6-4ac8-4633-823a-043c8389ba41')",2,35,"{'.adsrvr', 'hb.aralego', '.aralego', 'match.adsrvr'}"
"('TapAd_DID', 'd9bcbc05-8bf3-11ea-a657-3e07f155f82e')",1,4,"{'.tapad', 'pixel.tapad'}"
"('TapAd_DID', 'd9bcbc05-8bf3-11ea-a657-3e07f155f82e')",2,7,"{'.tapad', 'pixel.tapad'}"
"('TapAd_TS', '1588369003456')",1,4,"{'.tapad', 'pixel.tapad'}"
"('TapAd_TS', '1588369003456')",2,7,"{'.tapad', 'pixel.tapad'}"
"('U', '7f8c138fc549de77de34d40a57c2e449')",1,18,"{'p.adsymptotic', '.adsymptotic'}"
"('U', '7f8c138fc549de77de34d40a57c2e449')",2,5,"{'p.adsymptotic', '.adsymptotic'}"
"('U', '8c2dfddcc778590fa0c1c5c5e9f86301')",1,2,"{'p.adsymptotic', '.adsymptotic'}"
"('U', '8c2dfddcc778590fa0c1c5c5e9f86301')",3,15,"{'p.adsymptotic', '.adsymptotic'}"
"('UID', '1E618428a36a77a1e48f1541588368963')",1,39,{'sb.scorecardresearch'}
"('UID', '1E618428a36a77a1e48f1541588368963')",2,28,"{'sb.scorecardresearch', '.scorecardresearch'}"
"('UIDR', '1588368963')",1,39,{'sb.scorecardresearch'}
"('UIDR', '1588368963')",2,28,"{'sb.scorecardresearch', '.scorecardresearch'}"
"('UserMatchHistory', 'AQK0EcrjjysATwAAAXHSRUgzdM_bM9MGx-DO5aKr2OBbhyP_OaIgotluy567AXOms0hYizRm37Q')",1,3,"{'.linkedin', 'px.ads'}"
"('UserMatchHistory', 'AQK0EcrjjysATwAAAXHSRUgzdM_bM9MGx-DO5aKr2OBbhyP_OaIgotluy567AXOms0hYizRm37Q')",3,5,{'px.ads'}
"('V', 'fgkpm1NBAOfL')",1,9,"{'bh.contextweb', '.contextweb'}"
"('V', 'fgkpm1NBAOfL')",2,27,"{'bh.contextweb', '.contextweb'}"
"('__uin_bw', 'd7ba95e4-9bbd-43e0-bcd7-58603b2a0090')",1,17,"{'apex.go', 'sync.go', '.go'}"
"('__uin_bw', 'd7ba95e4-9bbd-43e0-bcd7-58603b2a0090')",2,1,{'.go'}
"('__uis', '1e3602c1-0646-4b18-a4f7-9dd92329afe1')",1,21,"{'apex.go', 'sync.go', '.go'}"
"('__uis', '1e3602c1-0646-4b18-a4f7-9dd92329afe1')",2,10,"{'apex.go', 'sync.go', '.go'}"
"('_auid', '5sKMruQmA22VIhD7XpesXg')",1,3,"{'.c', 'gocm.c'}"
"('_auid', '5sKMruQmA22VIhD7XpesXg')",2,1,{'.c'}
"('_cc_id', 'eec3a44b3067856f788807355877b6c4')",1,8,"{'bcp.crwdcntrl', 'ad.crwdcntrl'}"
"('_cc_id', 'eec3a44b3067856f788807355877b6c4')",2,16,"{'tags.crwdcntrl', 'bcp.crwdcntrl', '.crwdcntrl', 'ad.crwdcntrl'}"
"('_kuid_', 'NYMIY4GB')",1,72,"{'cdn.krxd', 'usermatch.krxd', 'consumer.krxd', 'beacon.krxd', 'jslog.krxd', '.krxd'}"
"('_kuid_', 'NYMIY4GB')",2,1,{'.krxd'}
"('_rxuuid', '%7B%22rx_uuid%22%3A%22RX-5780459a-36b1-4651-a0c6-d64fce43f46a-005%22%2C%22nxtrdr%22%3Afalse%7D')",1,4,"{'.1rx', 'sync.1rx'}"
"('_rxuuid', '%7B%22rx_uuid%22%3A%22RX-5780459a-36b1-4651-a0c6-d64fce43f46a-005%22%2C%22nxtrdr%22%3Afalse%7D')",2,7,"{'.1rx', 'sync.1rx'}"
"('_rxuuid', '%7B%22rx_uuid%22%3A%22RX-5780459a-36b1-4651-a0c6-d64fce43f46a-005%22%7D')",1,6,"{'.1rx', 'sync.1rx'}"
"('_rxuuid', '%7B%22rx_uuid%22%3A%22RX-5780459a-36b1-4651-a0c6-d64fce43f46a-005%22%7D')",2,4,"{'.1rx', 'sync.1rx'}"
"('_ssum', 'eyI1IjoxNTg4MzY5MjY5ODI3LCI3IjoxNTg4MzY5MjY5ODI3fQ')",1,4,"{'pixel-sync.sitescout', '.sitescout'}"
"('_ssum', 'eyI1IjoxNTg4MzY5MjY5ODI3LCI3IjoxNTg4MzY5MjY5ODI3fQ')",2,2,{'.sitescout'}
"('_usd_webmd.com', '05df5920-c5ef-4998-b450-d68fbfb55a84')",1,7,"{'sync.go', 'apex.go'}"
"('_usd_webmd.com', '05df5920-c5ef-4998-b450-d68fbfb55a84')",2,4,"{'apex.go', 'sync.go', '.go'}"
"('ab', '0001%3AR0u8hBwSvoiEpLwNGYqmMmlVOquGB9zg')",1,9,"{'.agkn', 'aa.agkn', 'd.agkn'}"
"('ab', '0001%3AR0u8hBwSvoiEpLwNGYqmMmlVOquGB9zg')",2,1,{'.agkn'}
"('ad-id', 'A31p7rchFEb8p7Kmn5DZ_Tc')",1,85,"{'aax-eu.amazon-adsystem', '.amazon-adsystem', 'aax-us-east.amazon-adsystem', 'c.amazon-adsystem', 's.amazon-adsystem', 'aax.amazon-adsystem'}"
"('ad-id', 'A31p7rchFEb8p7Kmn5DZ_Tc')",2,65,"{'s.amazon-adsystem', '.amazon-adsystem', 'c.amazon-adsystem'}"
"('audience', 'd910b0e0-8bf3-11ea-8d0a-1d99161f1601')",1,3,"{'sync.search', '.spotxchange'}"
"('audience', 'd910b0e0-8bf3-11ea-8d0a-1d99161f1601')",2,5,"{'sync.search', '.spotxchange'}"
"('audit', '1|9U9qySAk7MERM3uQ6i2Wsamq0IoPY0kxt5EWIXf30zhGARq8S15AkkZ0sWH4p8MWYLsQelA3twVWL9FD22Ryv/19fq37pzg5wFCfoC+4IsWi0813hHAhj1Dfv570ZGhx')",1,1,{'pixel.rubiconproject'}
"('audit', '1|9U9qySAk7MERM3uQ6i2Wsamq0IoPY0kxt5EWIXf30zhGARq8S15AkkZ0sWH4p8MWYLsQelA3twVWL9FD22Ryv/19fq37pzg5wFCfoC+4IsWi0813hHAhj1Dfv570ZGhx')",2,2,{'.rubiconproject'}
"('auid', '505042665005')",1,3,"{'acuityplatform.com', '.acuityplatform'}"
"('auid', '505042665005')",2,13,"{'u.acuityplatform', '.acuityplatform'}"
"('avnguid', 'av-4feaf505-cba9-4048-bd31-259e2fae436a')",1,3,"{'nep.advangelists', '.advangelists'}"
"('avnguid', 'av-4feaf505-cba9-4048-bd31-259e2fae436a')",2,1,{'.advangelists'}
"('bcookie', '\\v=2&2466b91d-e3c6-49d0-80c2-6c321b66223d\\')",1,1,{'px.ads'}
"('bcookie', '\\v=2&2466b91d-e3c6-49d0-80c2-6c321b66223d\\')",3,5,{'px.ads'}
"('bito', 'AAEr0U69WS0AAA-7wkcStg')",1,4,{'match.prod'}
"('bito', 'AAEr0U69WS0AAA-7wkcStg')",2,10,"{'match.prod', 'us-east-1.event', '.bidr', 'media.bidr'}"
"('bku', '53R99arVgaT9xV/N')",1,95,"{'stags.bluekai', 'tags.bluekai', '.bluekai'}"
"('bku', '53R99arVgaT9xV/N')",2,10,"{'stags.bluekai', 'tags.bluekai', '.bluekai'}"
"('browser_data', 'cHj1CF96NnBmeExleUUlMkY5RkslMkJwdSUyQmsxdE9Cb3lrQWFkdUs3SDI1VU9VWE1TNUJ1RzZ1dmJNMnRpdGpzdCUyRk10YjNlTnZ2JTJCbHVlcG9FRlg5NmZqWmNzQWdZZ3clM0QlM0Q')",1,2,{'dnacdn.net'}
"('browser_data', 'cHj1CF96NnBmeExleUUlMkY5RkslMkJwdSUyQmsxdE9Cb3lrQWFkdUs3SDI1VU9VWE1TNUJ1RzZ1dmJNMnRpdGpzdCUyRk10YjNlTnZ2JTJCbHVlcG9FRlg5NmZqWmNzQWdZZ3clM0QlM0Q')",2,2,{'.dnacdn'}
"('bsw_uid', 'd7ba95e4-9bbd-43e0-bcd7-58603b2a0090')",1,2,{'rtb.mfadsrvr'}
"('bsw_uid', 'd7ba95e4-9bbd-43e0-bcd7-58603b2a0090')",2,1,{'.mfadsrvr'}
"('c', '1588368970')",1,2,{'rtb.mfadsrvr'}
"('c', '1588368970')",2,3,"{'.mfadsrvr', 'rtb.mfadsrvr'}"
"('c', '1588368975')",1,8,{'x.bidswitch'}
"('c', '1588368975')",2,39,"{'grid-cdn.pdc', 'x.bidswitch', '.bidswitch', 'grid.bidswitch'}"
"('c', '1588369263')",1,1,{'t.myvisualiq'}
"('c', '1588369263')",2,2,"{'t.myvisualiq', '.myvisualiq'}"
"('cicouid', 'CM_d7ca31f6-9e82-4074-b5eb-bf0d1b81383d-tuct5a61bcf')",1,1,{'match.zorosrv'}
"('cicouid', 'CM_d7ca31f6-9e82-4074-b5eb-bf0d1b81383d-tuct5a61bcf')",2,1,{'.zorosrv'}
"('csync', '127:AAEr0U69WS0AAA-7wkcStg')",1,1,{'rtb-csync.smartadserver'}
"('csync', '127:AAEr0U69WS0AAA-7wkcStg')",2,2,"{'.smartadserver', 'ssbsync.smartadserver'}"
"('cu', 'da22aa11-8bf3-11ea-9ed4-5b71359fa157|1588369004124')",1,3,"{'sync.ipredictive', '.ipredictive'}"
"('cu', 'da22aa11-8bf3-11ea-9ed4-5b71359fa157|1588369004124')",2,1,{'.ipredictive'}
"('d', 'EG4BFwGqIIEO-TDCC--DAA')",1,1,{'pixel.quantserve'}
"('d', 'EG4BFwGqIIEO-TDCC--DAA')",2,2,{'.quantserve'}
"('data-a', '1298045627963393635~~1')",1,409,"{'hbxlp.media', 'lgncal.media', 'lg3.media', 'cslogger.media', 'cs.media', 'cvision.media', 'hbx.media', 'cdneast2-xch.media', 'hblg.media', 'contextual.media'}"
"('data-a', '1298045627963393635~~1')",2,377,"{'hbxlp.media', 'lgncal.media', '.media', 'cslogger.media', 'hbx.media', 'hblg.media', 'cdneast2-xch.media', 'contextual.media'}"
"('data-amb', '7675122843652995469~~1')",1,409,"{'hbxlp.media', 'lgncal.media', 'lg3.media', 'cslogger.media', 'cs.media', 'cvision.media', 'hbx.media', 'cdneast2-xch.media', 'hblg.media', 'contextual.media'}"
"('data-amb', '7675122843652995469~~1')",2,184,"{'hbxlp.media', '.media', 'cslogger.media', 'hblg.media', 'cdneast2-xch.media', 'contextual.media'}"
"('data-b', 'db7538a0-80d3-4f7d-83d9-170d0ba0ad37~~1')",1,409,"{'hbxlp.media', 'lgncal.media', 'lg3.media', 'cslogger.media', 'cs.media', 'cvision.media', 'hbx.media', 'cdneast2-xch.media', 'hblg.media', 'contextual.media'}"
"('data-b', 'db7538a0-80d3-4f7d-83d9-170d0ba0ad37~~1')",2,184,"{'hbxlp.media', '.media', 'cslogger.media', 'hblg.media', 'cdneast2-xch.media', 'contextual.media'}"
"('data-bs', 'd7ba95e4-9bbd-43e0-bcd7-58603b2a0090~~1')",1,409,"{'hbxlp.media', 'lgncal.media', 'lg3.media', 'cslogger.media', 'cs.media', 'cvision.media', 'hbx.media', 'cdneast2-xch.media', 'hblg.media', 'contextual.media'}"
"('data-bs', 'd7ba95e4-9bbd-43e0-bcd7-58603b2a0090~~1')",2,180,"{'hbxlp.media', '.media', 'cslogger.media', 'hblg.media', 'cdneast2-xch.media', 'contextual.media'}"
"('data-bt', 'db7538a0-80d3-4f7d-83d9-170d0ba0ad37~~1')",1,409,"{'hbxlp.media', 'lgncal.media', 'lg3.media', 'cslogger.media', 'cs.media', 'cvision.media', 'hbx.media', 'cdneast2-xch.media', 'hblg.media', 'contextual.media'}"
"('data-bt', 'db7538a0-80d3-4f7d-83d9-170d0ba0ad37~~1')",2,137,"{'hbxlp.media', 'cslogger.media', '.media', 'hblg.media', 'cdneast2-xch.media', 'contextual.media'}"
"('data-co', 'AAAGWWLIFflt1QNy_DUrAAAAAAA~~1')",1,409,"{'hbxlp.media', 'lgncal.media', 'lg3.media', 'cslogger.media', 'cs.media', 'cvision.media', 'hbx.media', 'cdneast2-xch.media', 'hblg.media', 'contextual.media'}"
"('data-co', 'AAAGWWLIFflt1QNy_DUrAAAAAAA~~1')",2,377,"{'hbxlp.media', 'lgncal.media', '.media', 'cslogger.media', 'hbx.media', 'hblg.media', 'cdneast2-xch.media', 'contextual.media'}"
"('data-di', 'di_b4c1a501160144718220d~~1')",1,409,"{'hbxlp.media', 'lgncal.media', 'lg3.media', 'cslogger.media', 'cs.media', 'cvision.media', 'hbx.media', 'cdneast2-xch.media', 'hblg.media', 'contextual.media'}"
"('data-di', 'di_b4c1a501160144718220d~~1')",2,80,"{'cdneast2-xch.media', 'contextual.media', '.media'}"
"('data-dmx', 'eyJhbGciOiJFUzI1NiIsInR5cCI6IkpXVCJ9.eyJzaWQiOjEwMDA1LCJ1c3IiOiJxZ1llc2dZYk1XSkxOMkphUzB4RmFsUnliME5PYTFwVVMyWlpTRkZZTkZaeSJ9.eulD18pvyZkl_CHu4V96g_HRZ2FHECwCve-QfSZUkwxzRIZoIU9tztxmK0KsQ-e-g7-wtr2hMQJoit9MzZs2sQ~~1')",1,409,"{'hbxlp.media', 'lgncal.media', 'lg3.media', 'cslogger.media', 'cs.media', 'cvision.media', 'hbx.media', 'cdneast2-xch.media', 'hblg.media', 'contextual.media'}"
"('data-dmx', 'eyJhbGciOiJFUzI1NiIsInR5cCI6IkpXVCJ9.eyJzaWQiOjEwMDA1LCJ1c3IiOiJxZ1llc2dZYk1XSkxOMkphUzB4RmFsUnliME5PYTFwVVMyWlpTRkZZTkZaeSJ9.eulD18pvyZkl_CHu4V96g_HRZ2FHECwCve-QfSZUkwxzRIZoIU9tztxmK0KsQ-e-g7-wtr2hMQJoit9MzZs2sQ~~1')",2,181,"{'hbxlp.media', '.media', 'cslogger.media', 'hblg.media', 'cdneast2-xch.media', 'contextual.media'}"
"('data-emx', '1298045627963393635brt224841588369294880361a5~~1')",1,409,"{'hbxlp.media', 'lgncal.media', 'lg3.media', 'cslogger.media', 'cs.media', 'cvision.media', 'hbx.media', 'cdneast2-xch.media', 'hblg.media', 'contextual.media'}"
"('data-emx', '1298045627963393635brt224841588369294880361a5~~1')",2,137,"{'hbxlp.media', 'cslogger.media', '.media', 'hblg.media', 'cdneast2-xch.media', 'contextual.media'}"
"('data-mf', '1374024f-133c-4d45-b4d2-18d85c58b631~~1')",1,409,"{'hbxlp.media', 'lgncal.media', 'lg3.media', 'cslogger.media', 'cs.media', 'cvision.media', 'hbx.media', 'cdneast2-xch.media', 'hblg.media', 'contextual.media'}"
"('data-mf', '1374024f-133c-4d45-b4d2-18d85c58b631~~1')",2,377,"{'hbxlp.media', 'lgncal.media', '.media', 'cslogger.media', 'hbx.media', 'hblg.media', 'cdneast2-xch.media', 'contextual.media'}"
"('data-p', 'fgkpm1NBAOfL~~1')",1,409,"{'hbxlp.media', 'lgncal.media', 'lg3.media', 'cslogger.media', 'cs.media', 'cvision.media', 'hbx.media', 'cdneast2-xch.media', 'hblg.media', 'contextual.media'}"
"('data-p', 'fgkpm1NBAOfL~~1')",2,184,"{'hbxlp.media', '.media', 'cslogger.media', 'hblg.media', 'cdneast2-xch.media', 'contextual.media'}"
"('data-pb', 'D72FE388-0A4D-4D14-842C-451A05DAFA46~~1')",1,409,"{'hbxlp.media', 'lgncal.media', 'lg3.media', 'cslogger.media', 'cs.media', 'cvision.media', 'hbx.media', 'cdneast2-xch.media', 'hblg.media', 'contextual.media'}"
"('data-pb', 'D72FE388-0A4D-4D14-842C-451A05DAFA46~~1')",2,376,"{'hbxlp.media', 'lgncal.media', '.media', 'cslogger.media', 'hbx.media', 'hblg.media', 'cdneast2-xch.media', 'contextual.media'}"
"('data-r', 'K9OPVKOR-1O-FQOZ~~1')",1,409,"{'hbxlp.media', 'lgncal.media', 'lg3.media', 'cslogger.media', 'cs.media', 'cvision.media', 'hbx.media', 'cdneast2-xch.media', 'hblg.media', 'contextual.media'}"
"('data-r', 'K9OPVKOR-1O-FQOZ~~1')",2,375,"{'hbxlp.media', 'lgncal.media', '.media', 'cslogger.media', 'hbx.media', 'hblg.media', 'cdneast2-xch.media', 'contextual.media'}"
"('data-rbh', 'P2XXCp00YxQybwUjKLRi~~1')",1,409,"{'hbxlp.media', 'lgncal.media', 'lg3.media', 'cslogger.media', 'cs.media', 'cvision.media', 'hbx.media', 'cdneast2-xch.media', 'hblg.media', 'contextual.media'}"
"('data-rbh', 'P2XXCp00YxQybwUjKLRi~~1')",2,79,"{'cdneast2-xch.media', 'contextual.media', '.media'}"
"('data-rk', '3459549065789871615~~1')",1,409,"{'hbxlp.media', 'lgncal.media', 'lg3.media', 'cslogger.media', 'cs.media', 'cvision.media', 'hbx.media', 'cdneast2-xch.media', 'hblg.media', 'contextual.media'}"
"('data-rk', '3459549065789871615~~1')",2,184,"{'hbxlp.media', '.media', 'cslogger.media', 'hblg.media', 'cdneast2-xch.media', 'contextual.media'}"
"('data-sh', 'd424aef7-cb96-435b-9c89-dff1ece5ac07~~1')",1,409,"{'hbxlp.media', 'lgncal.media', 'lg3.media', 'cslogger.media', 'cs.media', 'cvision.media', 'hbx.media', 'cdneast2-xch.media', 'hblg.media', 'contextual.media'}"
"('data-sh', 'd424aef7-cb96-435b-9c89-dff1ece5ac07~~1')",2,184,"{'hbxlp.media', '.media', 'cslogger.media', 'hblg.media', 'cdneast2-xch.media', 'contextual.media'}"
"('data-sov', '64947d13ab1db1e54214d7ef~~1')",1,409,"{'hbxlp.media', 'lgncal.media', 'lg3.media', 'cslogger.media', 'cs.media', 'cvision.media', 'hbx.media', 'cdneast2-xch.media', 'hblg.media', 'contextual.media'}"
"('data-sov', '64947d13ab1db1e54214d7ef~~1')",2,184,"{'hbxlp.media', '.media', 'cslogger.media', 'hblg.media', 'cdneast2-xch.media', 'contextual.media'}"
"('data-sy', '1D78D3A7EB8046D789BFAD45B997BDA3~~3')",1,409,"{'hbxlp.media', 'lgncal.media', 'lg3.media', 'cslogger.media', 'cs.media', 'cvision.media', 'hbx.media', 'cdneast2-xch.media', 'hblg.media', 'contextual.media'}"
"('data-sy', '1D78D3A7EB8046D789BFAD45B997BDA3~~3')",2,323,"{'hbxlp.media', 'lgncal.media', 'cslogger.media', '.media', 'hbx.media', 'hblg.media', 'cdneast2-xch.media', 'contextual.media'}"
"('data-tx', '19207df3-a53d-4e2f-8ba4-ed45796269c4~~1')",1,409,"{'hbxlp.media', 'lgncal.media', 'lg3.media', 'cslogger.media', 'cs.media', 'cvision.media', 'hbx.media', 'cdneast2-xch.media', 'hblg.media', 'contextual.media'}"
"('data-tx', '19207df3-a53d-4e2f-8ba4-ed45796269c4~~1')",2,183,"{'hbxlp.media', '.media', 'cslogger.media', 'hblg.media', 'cdneast2-xch.media', 'contextual.media'}"
"('data-xu', 'IR76SwUR1JuDkK5~~1')",1,409,"{'hbxlp.media', 'lgncal.media', 'lg3.media', 'cslogger.media', 'cs.media', 'cvision.media', 'hbx.media', 'cdneast2-xch.media', 'hblg.media', 'contextual.media'}"
"('data-xu', 'IR76SwUR1JuDkK5~~1')",2,184,"{'hbxlp.media', '.media', 'cslogger.media', 'hblg.media', 'cdneast2-xch.media', 'contextual.media'}"
"('demdex', '09963385900232412880327237888049590875')",1,2,"{'.demdex', 'dpm.demdex'}"
"('demdex', '09963385900232412880327237888049590875')",3,7,"{'thecollegeboard.demdex', '.demdex', 'dpm.demdex'}"
"('demdex', '84904851894188318364191955014500747933')",1,18,"{'.demdex', 'turner2.demdex', 'dpm.demdex'}"
"('demdex', '84904851894188318364191955014500747933')",2,27,"{'webmd.demdex', '.demdex', 'dpm.demdex'}"
"('dextp', '285689-1-1588368970065')",1,4,"{'turner2.demdex', 'dpm.demdex'}"
"('dextp', '285689-1-1588368970065')",2,9,"{'webmd.demdex', '.demdex', 'dpm.demdex'}"
"('dpm', '09963385900232412880327237888049590875')",1,1,{'.dpm'}
"('dpm', '09963385900232412880327237888049590875')",3,4,"{'.dpm', 'dpm.demdex'}"
"('dpm', '84904851894188318364191955014500747933')",1,11,"{'.dpm', 'dpm.demdex'}"
"('dpm', '84904851894188318364191955014500747933')",2,7,"{'.dpm', 'dpm.demdex'}"
"('eud', 'H4sIAAAAAAAAAOOSMXR2dA12dSoLM4kvKDbydMwszXJ0SQ_KT0xxNQjiNTS1sDA2szQyMDA3MV3FCOebmBkYGbxiRJE3AwAqbF8yTQAAAA')",1,1,{'p.rfihub'}
"('eud', 'H4sIAAAAAAAAAOOSMXR2dA12dSoLM4kvKDbydMwszXJ0SQ_KT0xxNQjiNTS1sDA2szQyMDA3MV3FCOebmBkYGbxiRJE3AwAqbF8yTQAAAA')",2,5,"{'.rfihub', 'p.rfihub'}"
"('euds', 'H4sIAAAAAAAAAOOSMXR2dA12dSoLM4kvKDbydMwszXJ0SQ_KT0xxNQAAsM0rHB4AAAA')",1,2,{'p.rfihub'}
"('euds', 'H4sIAAAAAAAAAOOSMXR2dA12dSoLM4kvKDbydMwszXJ0SQ_KT0xxNQAAsM0rHB4AAAA')",2,3,"{'.rfihub', 'p.rfihub'}"
"('ev_sync_dd', '20200501')",1,15,"{'sync-tm.everesttech', '.everesttech'}"
"('ev_sync_dd', '20200501')",3,19,"{'.everesttech', 'cm.everesttech', 'pixel.everesttech'}"
"('everest_g_v2', 'g_surferid~XqyWTwAAAD2xAA9x')",1,15,"{'sync-tm.everesttech', 'cm.everesttech'}"
"('everest_g_v2', 'g_surferid~XqyWTwAAAD2xAA9x')",2,11,"{'statsf-tm.everesttech', '.everesttech', 'displayf-tm.everesttech', 'rtb-lb-event-sjc-1b-tm.everesttech', 'sync-tm.everesttech'}"
"('everest_g_v2', 'g_surferid~Xqyc-gAAAG3bbAFU')",1,5,"{'sync-tm.everesttech', '.everesttech'}"
"('everest_g_v2', 'g_surferid~Xqyc-gAAAG3bbAFU')",3,23,"{'pixel.everesttech', '.everesttech', 'cm.everesttech'}"
"('extendtv_user_id', '0c386e1f-b96d-4691-a81f-81989d2f6ee9')",1,3,"{'.extend', 'sync.extend'}"
"('extendtv_user_id', '0c386e1f-b96d-4691-a81f-81989d2f6ee9')",2,1,{'.extend'}
"('fr', '0HyxDR1LlxupDWyR9..BerJz_...1.0.BerJz_.')",1,2,{'.facebook'}
"('fr', '0HyxDR1LlxupDWyR9..BerJz_...1.0.BerJz_.')",3,31,{'.facebook'}
"('fr', '0STthMiUITfKh6mZX..BerJZE..F6s.1.0.BerJZE.')",1,24,{'.facebook'}
"('fr', '0STthMiUITfKh6mZX..BerJZE..F6s.1.0.BerJZE.')",2,21,{'.facebook'}
"('i', '44d8d45d-6ca0-0eb9-1af9-79e4bc5ecf09|1588369002')",1,35,"{'.openx', 'washingtonpost-d.openx', 'us-u.openx'}"
"('i', '44d8d45d-6ca0-0eb9-1af9-79e4bc5ecf09|1588369002')",2,35,"{'underarmour-d.openx', 'rtb.openx', 'us-u.openx', '.openx', 'eu-u.openx'}"
"('icu', 'ChgIis9MEAoYAiACKAIwxa6y9QU4AkACSAIQxa6y9QUYAQ..')",1,9,"{'sharethrough.adnxs', 'acdn.adnxs', 'ib.adnxs'}"
"('icu', 'ChgIis9MEAoYAiACKAIwxa6y9QU4AkACSAIQxa6y9QUYAQ..')",2,10,"{'.adnxs', 'ib.adnxs'}"
"('khaos', 'K9OPVKOR-1O-FQOZ')",1,18,"{'.rubiconproject', 'fastlane.rubiconproject', 'eus.rubiconproject', 'pixel.rubiconproject', 'beacon-us-iad2.rubiconproject'}"
"('khaos', 'K9OPVKOR-1O-FQOZ')",2,121,"{'ads.rubiconproject', '.rubiconproject', 'beacon-us-iad2.rubiconproject', 'fastlane.rubiconproject', 'eus.rubiconproject', 'secure-assets.rubiconproject', 'token.rubiconproject', 'pixel-us-east.rubiconproject', 'optimized-by.rubiconproject', 'pixel.rubiconproject'}"
"('li_sugr', '48947ee2-a06a-4058-93ec-61b2412869d2')",1,6,"{'.linkedin', 'px.ads'}"
"('li_sugr', '48947ee2-a06a-4058-93ec-61b2412869d2')",3,15,"{'.linkedin', 'px.ads'}"
"('lidc', '\\b=VGST07:g=1732:u=1:i=1588370687:t=1588457087:s=AQHZwT0jTsqxM_0gB2QzzUF5-YNaNIyT\\')",1,3,"{'.linkedin', 'px.ads'}"
"('lidc', '\\b=VGST07:g=1732:u=1:i=1588370687:t=1588457087:s=AQHZwT0jTsqxM_0gB2QzzUF5-YNaNIyT\\')",3,5,{'px.ads'}
"('ljt_reader', '64947d13ab1db1e54214d7ef')",1,3,"{'.lijit', 'ce.lijit'}"
"('ljt_reader', '64947d13ab1db1e54214d7ef')",2,10,"{'.lijit', 'ap.lijit'}"
"('ljtrtb', 'eJyrrgUAAXUA%2BQ%3D%3D')",1,3,"{'.lijit', 'ce.lijit'}"
"('ljtrtb', 'eJyrrgUAAXUA%2BQ%3D%3D')",2,6,"{'.lijit', 'ap.lijit'}"
"('loc', 'jgFQ1i7taklKhSNj6gDbre5HdjcBtyG9tvvCUQ6_QrLyTMgNmFPWFLmRZTnIBw9yBCkMIritA09RoKnSot9qKe3Qz9q1tkIw1jXtdpyZpGI')",1,2,{'rtb.gumgum'}
"('loc', 'jgFQ1i7taklKhSNj6gDbre5HdjcBtyG9tvvCUQ6_QrLyTMgNmFPWFLmRZTnIBw9yBCkMIritA09RoKnSot9qKe3Qz9q1tkIw1jXtdpyZpGI')",2,2,"{'.gumgum', 'g2.gumgum'}"
"('mc', '5eac966c-4281b-63921-68be4')",1,16,"{'cms.quantserve', 'pixel.quantserve', 'secure.quantserve'}"
"('mc', '5eac966c-4281b-63921-68be4')",2,5,"{'.quantserve', 'pixel.quantserve', 'cms.quantserve'}"
"('mt_mop', '4:1588368995|9:1588369162')",1,12,"{'sync.mathtag', 'tags.mathtag', 'pixel.mathtag'}"
"('mt_mop', '4:1588368995|9:1588369162')",2,2,{'.mathtag'}
"('mxpim', 'R1D530_C99E2593_2DE87AB9D.1.00000000000000005EAC966C')",1,1,{'aep.mxptint'}
"('mxpim', 'R1D530_C99E2593_2DE87AB9D.1.00000000000000005EAC966C')",2,2,"{'.mxptint', 'pmp.mxptint'}"
"('na_id', '2020050121361592842998890779')",1,3,"{'.addthis', 'r.dlx'}"
"('na_id', '2020050121361592842998890779')",2,4,"{'.addthis', 'x.dlx'}"
"('obuid', '49d63885-8334-4ee5-8108-c490e1b00a1b')",1,1,{'s.outbrain'}
"('obuid', '49d63885-8334-4ee5-8108-c490e1b00a1b')",2,1,{'s.outbrain'}
"('ouid', '5eac964f00010f401fc1f138f68b684075dc0ed373552d3760bc')",1,3,"{'.addthis', 'r.dlx'}"
"('ouid', '5eac964f00010f401fc1f138f68b684075dc0ed373552d3760bc')",2,4,"{'.addthis', 'x.dlx'}"
"('pb_rtb_ev', '3-102g|2N.0.AAAGWhiuNzn2LgMGJ8m6AAAAAAA|3oy.0|4is.0.CAESEDK_cZUTW6wIdi3y9vYJ_p8')",1,3,{'bh.contextweb'}
"('pb_rtb_ev', '3-102g|2N.0.AAAGWhiuNzn2LgMGJ8m6AAAAAAA|3oy.0|4is.0.CAESEDK_cZUTW6wIdi3y9vYJ_p8')",2,21,"{'bh.contextweb', '.contextweb'}"
"('pd', 'v2|1588369002.2|iKbwuYgaeShEkWf8kegy.g6vLfYn8mKvJrkgKejg2')",1,14,"{'us-u.openx', 'washingtonpost-d.openx'}"
"('pd', 'v2|1588369002.2|iKbwuYgaeShEkWf8kegy.g6vLfYn8mKvJrkgKejg2')",2,18,"{'underarmour-d.openx', 'rtb.openx', 'us-u.openx', '.openx', 'eu-u.openx'}"
"('personalization_id', '\\v1_u0QWiEoPlkwnLXpYm17inw==\\')",1,11,"{'platform.twitter', 'analytics.twitter', 'syndication.twitter'}"
"('personalization_id', '\\v1_u0QWiEoPlkwnLXpYm17inw==\\')",2,2,{'analytics.twitter'}
"('pid', '3107950573182914133')",1,1,{'rtb-csync.smartadserver'}
"('pid', '3107950573182914133')",2,2,"{'.smartadserver', 'ssbsync.smartadserver'}"
"('pux', '1185%3D90573%261512%3D90573%261902%3D90573%262132%3D90573%262231%3D90573%262238%3D90573%262249%3D90573%262307%3D90573%262313%3D90573%262395%3D90573%262528%3D90573%262596%3D90573%262676%3D90573%262861%3D90573%262931%3D90573%262974%3D90573%263632%3D90573%263668%3D90573%263778%3D90573%263856%3D90573%263956%3D90573%263992%3D90573%264032%3D90573%264112%3D90573%264114%3D90573%265466%3D90573%265474%3D90573%26idl%3D90573%26goog%3D90573%26brx%3D90573%26w55c%3D90573%261523ext%3D90573%26')",1,1,{'eus.rubiconproject'}
"('pux', '1185%3D90573%261512%3D90573%261902%3D90573%262132%3D90573%262231%3D90573%262238%3D90573%262249%3D90573%262307%3D90573%262313%3D90573%262395%3D90573%262528%3D90573%262596%3D90573%262676%3D90573%262861%3D90573%262931%3D90573%262974%3D90573%263632%3D90573%263668%3D90573%263778%3D90573%263856%3D90573%263956%3D90573%263992%3D90573%264032%3D90573%264112%3D90573%264114%3D90573%265466%3D90573%265474%3D90573%26idl%3D90573%26goog%3D90573%26brx%3D90573%26w55c%3D90573%261523ext%3D90573%26')",2,3,{'eus.rubiconproject'}
"('pxrc', 'CMWssvUFEgUI6AcQABIFCOhHEAoSBgi66gEQJxIGCO3rARAA')",1,2,"{'idsync.rlcdn', 'api.rlcdn'}"
"('pxrc', 'CMWssvUFEgUI6AcQABIFCOhHEAoSBgi66gEQJxIGCO3rARAA')",2,8,"{'.rlcdn', 'id.rlcdn', 'api.rlcdn', 'idsync.rlcdn'}"
"('rlas3', 'Zwd1mn6D8ZbIhtDiJPJkvJwtos6qJ5IzCpJs3Q8EcVk=')",1,2,"{'idsync.rlcdn', 'api.rlcdn'}"
"('rlas3', 'Zwd1mn6D8ZbIhtDiJPJkvJwtos6qJ5IzCpJs3Q8EcVk=')",2,4,"{'.rlcdn', 'api.rlcdn'}"
"('rud', 'H4sIAAAAAAAAAOMSNjYxtTQ1sTQwMzW3sLQwNzQzNBXiM9R11A3ySA72D0sPMHeW4jU0tbAwNrM0MjAwNzEDANJXc1Y0AAAA')",1,6,"{'.rfihub', 'p.rfihub'}"
"('rud', 'H4sIAAAAAAAAAOMSNjYxtTQ1sTQwMzW3sLQwNzQzNBXiM9R11A3ySA72D0sPMHeW4jU0tbAwNrM0MjAwNzEDANJXc1Y0AAAA')",2,7,"{'.rfihub', 'p.rfihub'}"
"('ruds', 'H4sIAAAAAAAAAOMSNjYxtTQ1sTQwMzW3sLQwNzQzNBXiM9R11A3ySA72D0sPMHcGAE2p1bUlAAAA')",1,2,{'p.rfihub'}
"('ruds', 'H4sIAAAAAAAAAOMSNjYxtTQ1sTQwMzW3sLQwNzQzNBXiM9R11A3ySA72D0sPMHcGAE2p1bUlAAAA')",2,3,"{'.rfihub', 'p.rfihub'}"
"('sa-user-id', 's%3A0-7306acfe-03b1-46bb-5666-476696748fd5.Qqdy%2FRjFDawxEXIZa%2FMYHNbPKSoAgZfMkJR35a9XEG8')",1,1,{'sync.srv'}
"('sa-user-id', 's%3A0-7306acfe-03b1-46bb-5666-476696748fd5.Qqdy%2FRjFDawxEXIZa%2FMYHNbPKSoAgZfMkJR35a9XEG8')",2,1,{'.srv'}
"('sa-user-id-v2', 's%3A0-7306acfe-03b1-46bb-5666-476696748fd5%24ip%2418.188.215.201.SSQmEvnwdpmVZnmGEVwNV2fRqaBCT3aAQ8uFwhpiaHI')",1,1,{'sync.srv'}
"('sa-user-id-v2', 's%3A0-7306acfe-03b1-46bb-5666-476696748fd5%24ip%2418.188.215.201.SSQmEvnwdpmVZnmGEVwNV2fRqaBCT3aAQ8uFwhpiaHI')",2,1,{'.srv'}
"('sc', '13%3A81813')",1,2,{'mid.rkdms'}
"('sc', '13%3A81813')",2,2,"{'.rkdms', 'mid.rkdms'}"
"('ses10', '225890^1&265746^2')",1,12,"{'fastlane.rubiconproject', 'pixel.rubiconproject'}"
"('ses10', '225890^1&265746^2')",2,7,"{'fastlane.rubiconproject', '.rubiconproject'}"
"('ses15', '66536^2&205204^1&225302^1&225890^1&228682^2&265746^5')",1,7,"{'fastlane.rubiconproject', 'pixel.rubiconproject'}"
"('ses15', '66536^2&205204^1&225302^1&225890^1&228682^2&265746^5')",2,2,{'.rubiconproject'}
"('ses2', '153530^1&208958^1')",1,8,"{'fastlane.rubiconproject', 'pixel.rubiconproject'}"
"('ses2', '153530^1&208958^1')",2,51,"{'ads.rubiconproject', '.rubiconproject', 'fastlane.rubiconproject', 'eus.rubiconproject', 'pixel.rubiconproject', 'optimized-by.rubiconproject', 'beacon-us-iad2.rubiconproject'}"
"('ses9', '119514^1&208958^1')",1,16,"{'fastlane.rubiconproject', 'eus.rubiconproject', 'beacon-us-iad2.rubiconproject', 'pixel.rubiconproject'}"
"('ses9', '119514^1&208958^1')",2,50,"{'ads.rubiconproject', '.rubiconproject', 'fastlane.rubiconproject', 'eus.rubiconproject', 'pixel.rubiconproject', 'optimized-by.rubiconproject', 'beacon-us-iad2.rubiconproject'}"
"('sessionid', 'h-e14976d9ab3296d42cee5c4f65a8134c_t-1588368987')",1,8,"{'.mid', 'mid.rkdms'}"
"('sessionid', 'h-e14976d9ab3296d42cee5c4f65a8134c_t-1588368987')",2,3,"{'.mid', '.rkdms', 'mid.rkdms'}"
"('si', 'Q6416554001585350391P')",1,9,"{'.owneriq', 'px.owneriq'}"
"('si', 'Q6416554001585350391P')",2,5,"{'.owneriq', 'px.owneriq'}"
"('ssi', '91fdf8dc-17bf-42e7-b7b4-ad6e5cfbb50a#1588368987559')",1,12,"{'pixel-a.sitescout', 'pixel-sync.sitescout', '.sitescout'}"
"('ssi', '91fdf8dc-17bf-42e7-b7b4-ad6e5cfbb50a#1588368987559')",2,19,"{'pixel-sync.sitescout', '.sitescout'}"
"('stx_user_id', 'd424aef7-cb96-435b-9c89-dff1ece5ac07')",1,8,"{'native.sharethrough', 'match.sharethrough'}"
"('stx_user_id', 'd424aef7-cb96-435b-9c89-dff1ece5ac07')",2,5,"{'native.sharethrough', '.sharethrough'}"
"('suid', 'B4832DB3D91942E6B034837CC4CE11A3')",1,2,{'um.simpli'}
"('suid', 'B4832DB3D91942E6B034837CC4CE11A3')",2,4,"{'um.simpli', '.simpli'}"
"('suid_legacy', 'B4832DB3D91942E6B034837CC4CE11A3')",1,2,{'um.simpli'}
"('suid_legacy', 'B4832DB3D91942E6B034837CC4CE11A3')",2,4,"{'um.simpli', '.simpli'}"
"('t_gid', 'd7ca31f6-9e82-4074-b5eb-bf0d1b81383d-tuct5a61bcf')",1,7,"{'.taboola', 'match.taboola', 'trc.taboola'}"
"('t_gid', 'd7ca31f6-9e82-4074-b5eb-bf0d1b81383d-tuct5a61bcf')",2,8,"{'.taboola', 'match.taboola', 'cdn.taboola', 'trc.taboola'}"
"('tluid', '7246350687518985932')",1,102,"{'dmpsync.3lift', 'eb2.3lift', 'tlx.3lift', '.3lift'}"
"('tluid', '7246350687518985932')",2,2,"{'eb2.3lift', '.3lift'}"
"('ts', '1588369365')",1,3,"{'creativecdn.com', 'us.creativecdn'}"
"('ts', '1588369365')",2,2,"{'.creativecdn', 'ams.creativecdn'}"
"('tuuid', '1374024f-133c-4d45-b4d2-18d85c58b631')",1,2,{'rtb.mfadsrvr'}
"('tuuid', '1374024f-133c-4d45-b4d2-18d85c58b631')",2,5,"{'.mfadsrvr', 'rtb.mfadsrvr'}"
"('tuuid', '624755b3-03c1-4ad9-8e56-84d8c3e03b25')",1,1,{'t.myvisualiq'}
"('tuuid', '624755b3-03c1-4ad9-8e56-84d8c3e03b25')",2,4,"{'t.myvisualiq', '.myvisualiq'}"
"('tuuid', 'd7ba95e4-9bbd-43e0-bcd7-58603b2a0090')",1,8,{'x.bidswitch'}
"('tuuid', 'd7ba95e4-9bbd-43e0-bcd7-58603b2a0090')",2,42,"{'grid-cdn.pdc', 'x.bidswitch', '.bidswitch', 'grid.bidswitch'}"
"('tuuid_lu', '1588368974')",1,2,{'rtb.mfadsrvr'}
"('tuuid_lu', '1588368974')",2,3,"{'.mfadsrvr', 'rtb.mfadsrvr'}"
"('tuuid_lu', '1588368976')",1,8,{'x.bidswitch'}
"('tuuid_lu', '1588368976')",2,38,"{'grid-cdn.pdc', 'x.bidswitch', '.bidswitch', 'grid.bidswitch'}"
"('tuuid_lu', '1588369264')",1,1,{'t.myvisualiq'}
"('tuuid_lu', '1588369264')",2,2,{'.myvisualiq'}
"('u', 'P2XXCp00YxQybwUjKLRi')",1,3,"{'creativecdn.com', 'us.creativecdn'}"
"('u', 'P2XXCp00YxQybwUjKLRi')",2,2,"{'.creativecdn', 'ams.creativecdn'}"
"('ud', '""eJxrXxzq6XKLQcEkzTwlydLAMs3MwtgyzSDFItXAKCnZxCwpMc3EwMLEaHFZatGCpaXFqSlJh5ZU5JTkNK0uiw91jHdz9PX0iVzullmUmpZfsQIsFuYatMjcaEl%252BUWb6otDgxUUpaQyLSopPBe94KQYAscEqvQ%253D%253D""')",1,10,{'.exelator'}
"('ud', '""eJxrXxzq6XKLQcEkzTwlydLAMs3MwtgyzSDFItXAKCnZxCwpMc3EwMLEaHFZatGCpaXFqSlJh5ZU5JTkNK0uiw91jHdz9PX0iVzullmUmpZfsQIsFuYatMjcaEl%252BUWb6otDgxUUpaQyLSopPBe94KQYAscEqvQ%253D%253D""')",2,4,{'.exelator'}
"('ud', '\\eJxrXxzq6XKLQcEkzTwlydLAMs3MwtgyzSDFItXAKCnZxCwpMc3EwMLEaHFZatGCpaXFqSlJh5ZU5JTkNK0uiw91jHdz9PX0iVzullmUmpZfsQIsFuYatMjcaEl%252BUWb6otDgxUUpaQyLSopPBe94KQYAscEqvQ%253D%253D\\')",1,10,"{'load77.exelator', 'cdn.exelator', 'mydmp.exelator', 'loadus.exelator'}"
"('ud', '\\eJxrXxzq6XKLQcEkzTwlydLAMs3MwtgyzSDFItXAKCnZxCwpMc3EwMLEaHFZatGCpaXFqSlJh5ZU5JTkNK0uiw91jHdz9PX0iVzullmUmpZfsQIsFuYatMjcaEl%252BUWb6otDgxUUpaQyLSopPBe94KQYAscEqvQ%253D%253D\\')",2,1,{'loadm.exelator'}
"('uid', '5675351577416297248')",1,42,"{'.adform', 'c1.adform'}"
"('uid', '5675351577416297248')",2,11,"{'.adform', 'c1.adform'}"
"('uid', '5eac964f9b15a010')",1,3,"{'.addthis', 'r.dlx'}"
"('uid', '5eac964f9b15a010')",2,4,"{'.addthis', 'x.dlx'}"
"('uid', '7675122843652995469')",1,9,"{'ad.turn', '.turn'}"
"('uid', '7675122843652995469')",2,22,"{'ad.turn', '.turn', 'r.turn', 'd.turn'}"
"('univ_id', '537072971|4a08e5f6-4ac8-4633-823a-043c8389ba41|1588369004693675')",1,19,"{'us-u.openx', 'washingtonpost-d.openx'}"
"('univ_id', '537072971|4a08e5f6-4ac8-4633-823a-043c8389ba41|1588369004693675')",2,17,"{'underarmour-d.openx', 'rtb.openx', 'us-u.openx', '.openx', 'eu-u.openx'}"
"('uuid', '315d5eac-964f-4800-89ed-6edbc03dead4')",1,18,"{'sync.mathtag', 'tags.mathtag', 'pixel.mathtag'}"
"('uuid', '315d5eac-964f-4800-89ed-6edbc03dead4')",2,12,"{'.mathtag', 'sync.mathtag', 'pixel.mathtag'}"
"('uuid2', '1298045627963393635')",1,118,"{'ib.adnxs', '.adnxs', 'acdn.adnxs', 'cdn.adnxs', 'nym1-ib.adnxs', 'sharethrough.adnxs', 'secure.adnxs'}"
"('uuid2', '1298045627963393635')",2,57,"{'.adnxs', 'secure.adnxs', 'sharethrough.adnxs', 'ib.adnxs'}"
"('vis10', '225890^1&265746^2&268826^2')",1,12,"{'fastlane.rubiconproject', 'pixel.rubiconproject'}"
"('vis10', '225890^1&265746^2&268826^2')",2,7,"{'fastlane.rubiconproject', '.rubiconproject'}"
"('vis15', '66536^2&119514^3&205204^1&225302^1&225890^1&228682^2&265746^6&268826^3')",1,7,"{'fastlane.rubiconproject', 'pixel.rubiconproject'}"
"('vis15', '66536^2&119514^3&205204^1&225302^1&225890^1&228682^2&265746^6&268826^3')",2,2,{'.rubiconproject'}
"('vis2', '153530^2&208958^1')",1,8,"{'fastlane.rubiconproject', 'pixel.rubiconproject'}"
"('vis2', '153530^2&208958^1')",2,51,"{'ads.rubiconproject', '.rubiconproject', 'fastlane.rubiconproject', 'eus.rubiconproject', 'pixel.rubiconproject', 'optimized-by.rubiconproject', 'beacon-us-iad2.rubiconproject'}"
"('vis9', '119514^1&208958^1')",1,16,"{'fastlane.rubiconproject', 'eus.rubiconproject', 'beacon-us-iad2.rubiconproject', 'pixel.rubiconproject'}"
"('vis9', '119514^1&208958^1')",2,50,"{'ads.rubiconproject', '.rubiconproject', 'fastlane.rubiconproject', 'eus.rubiconproject', 'pixel.rubiconproject', 'optimized-by.rubiconproject', 'beacon-us-iad2.rubiconproject'}"
"('visitor-id', '2313705626589788000V10')",1,409,"{'hbxlp.media', 'lgncal.media', 'lg3.media', 'cslogger.media', 'cs.media', 'cvision.media', 'hbx.media', 'cdneast2-xch.media', 'hblg.media', 'contextual.media'}"
"('visitor-id', '2313705626589788000V10')",2,417,"{'hbxlp.media', 'lgncal.media', 'cslogger.media', '.media', 'hbx.media', 'hblg.media', 'cdneast2-xch.media', 'contextual.media'}"
"('vst', 'u_aef68cae-87a8-4247-8dcf-9bd89b70ea74')",1,2,{'rtb.gumgum'}
"('vst', 'u_aef68cae-87a8-4247-8dcf-9bd89b70ea74')",2,2,"{'.gumgum', 'g2.gumgum'}"
"('wfivefivec', 'IR76SwUR1JuDkK5')",1,9,"{'.w55c', 'i.w55c', 'pm.w55c'}"
"('wfivefivec', 'IR76SwUR1JuDkK5')",2,14,"{'.w55c', 'cti.w55c', 'pm.w55c'}"
"('yieldmo_id', 'ga61bdf473153413d4ec%7C1588368975792%7C0%7C')",1,1,{'ads.yieldmo'}
"('yieldmo_id', 'ga61bdf473153413d4ec%7C1588368975792%7C0%7C')",2,1,{'.yieldmo'}
"('zuid', 'KHZ89MT9KlK-f1O8NSb0')",1,18,"{'b1sync.zemanta', '.zemanta'}"
"('zuid', 'KHZ89MT9KlK-f1O8NSb0')",2,10,"{'b1sync.zemanta', '.zemanta'}"
